Attribute1,Attribute2,Pearson_Correlation,Spearman_Correlation,Mutual_Information
nprocs,POSIX_OPENS,0.9296180304917553,0.8988869496742307,1.1437120732519148
nprocs,LUSTRE_STRIPE_SIZE,1.8474212940569421e-16,,0.0
nprocs,LUSTRE_STRIPE_WIDTH,-0.9652564755526913,-0.9351824501974371,0.6329789740094278
nprocs,POSIX_FILENOS,,,0.0
nprocs,POSIX_MEM_ALIGNMENT,5.080408558656591e-16,,0.0
nprocs,POSIX_FILE_ALIGNMENT,1.8474212940569421e-16,,0.0
nprocs,POSIX_READS,0.7897968443866148,0.8956561964146541,1.1192232353551574
nprocs,POSIX_WRITES,0.9344455850091056,0.8447119587451006,1.1031606086314418
nprocs,POSIX_SEEKS,0.9155500460637841,0.9541409325451639,1.1913397964175068
nprocs,POSIX_STATS,0.9390106552194385,0.8994560060162826,1.1870591524586491
nprocs,POSIX_BYTES_READ,-0.41218859485666237,-0.6475475291060516,1.092171632068798
nprocs,POSIX_BYTES_WRITTEN,0.9796978320769183,0.9092779064832305,1.1615372898453922
nprocs,POSIX_CONSEC_READS,0.7262971539566135,0.5629371070416962,1.1189894311521535
nprocs,POSIX_CONSEC_WRITES,0.9211857079687226,0.8345624182859607,1.0193930113729235
nprocs,POSIX_SEQ_READS,0.7744894492666715,0.8956561964146541,1.1537614420919218
nprocs,POSIX_SEQ_WRITES,0.9229315952498632,0.841906113089161,1.091707522026436
nprocs,POSIX_RW_SWITCHES,0.5255699420777235,0.5791035910211478,0.6397438342001354
nprocs,POSIX_MEM_NOT_ALIGNED,0.9351736117924005,0.8950933683903302,1.0956161057847855
nprocs,POSIX_FILE_NOT_ALIGNED,0.7689576936907832,0.5135667472324881,0.9891108413402858
nprocs,POSIX_SIZE_READ_0_100,0.9206550891528373,0.8639960864465525,1.167371927290442
nprocs,POSIX_SIZE_READ_100_1K,0.5976142943202121,0.638240872368354,1.1328682048712186
nprocs,POSIX_SIZE_READ_1K_10K,0.8921019605262016,0.8941094802832706,1.0547702665004208
nprocs,POSIX_SIZE_READ_100K_1M,-0.7265581734377906,-0.7308152056992456,0.9114514385573389
nprocs,POSIX_SIZE_WRITE_0_100,0.9118089276750517,0.8471852597307068,1.0201633399602632
nprocs,POSIX_SIZE_WRITE_100_1K,0.8139284649261801,0.7810973649803473,1.114693256793944
nprocs,POSIX_SIZE_WRITE_1K_10K,0.3420139435848031,0.2618377273283367,0.07171754108364503
nprocs,POSIX_SIZE_WRITE_10K_100K,0.4428494363620244,0.5490536768789939,0.30146459613572096
nprocs,POSIX_SIZE_WRITE_100K_1M,0.342040355244264,0.2618377273283367,0.0
nprocs,POSIX_STRIDE1_STRIDE,-0.6382781671786291,-0.38526451489606944,0.8847778975153839
nprocs,POSIX_STRIDE2_STRIDE,-0.6540548935697085,-0.38582030632739484,0.8732099459247724
nprocs,POSIX_STRIDE3_STRIDE,-0.7510601952689593,-0.8387542325049752,1.0581093491583098
nprocs,POSIX_STRIDE4_STRIDE,-0.7328856602909951,-0.7847847191021105,0.9911959418999339
nprocs,POSIX_STRIDE1_COUNT,-0.6265167390126298,-0.38470872346474394,0.8816525332143481
nprocs,POSIX_STRIDE2_COUNT,-0.4607855769939821,-0.7308152056992456,0.9222960620180252
nprocs,POSIX_STRIDE3_COUNT,-0.45269891190038436,-0.7308152056992456,0.8609411546651278
nprocs,POSIX_STRIDE4_COUNT,-0.2884649009049736,-0.7308152056992456,0.8064992271666043
nprocs,POSIX_ACCESS1_ACCESS,-0.9394119364010229,-0.9250047755945932,1.1316039314179227
nprocs,POSIX_ACCESS2_ACCESS,-0.9327763238232137,-0.9368147401074326,1.1400872357649963
nprocs,POSIX_ACCESS3_ACCESS,-0.8536465510120116,-0.7858139147922228,1.018355352672538
nprocs,POSIX_ACCESS4_ACCESS,0.13570165517768026,-0.3208141091093905,1.0981904585949438
nprocs,POSIX_ACCESS1_COUNT,0.6263372000786184,0.45040013151259506,1.070161090269092
nprocs,POSIX_ACCESS2_COUNT,0.5884717362157409,0.44215581255242625,0.9756679949151861
nprocs,POSIX_ACCESS3_COUNT,0.8348509846181335,0.8681982419044761,0.964626404703945
nprocs,POSIX_ACCESS4_COUNT,0.8618565296157963,0.876167441923669,0.9475623467712084
nprocs,tag,-0.2980521126246819,-0.35420605394482707,0.968894793160689
POSIX_OPENS,LUSTRE_STRIPE_SIZE,-3.073674170967377e-18,,0.0
POSIX_OPENS,LUSTRE_STRIPE_WIDTH,-0.9082193984526803,-0.9275879117186695,0.8169631606923238
POSIX_OPENS,POSIX_FILENOS,,,0.023986839401890503
POSIX_OPENS,POSIX_MEM_ALIGNMENT,4.974229366682205e-16,,0.0
POSIX_OPENS,POSIX_FILE_ALIGNMENT,-3.073674170967377e-18,,0.0
POSIX_OPENS,POSIX_READS,0.9490869265650554,0.9924120227115766,1.4303375318853215
POSIX_OPENS,POSIX_WRITES,0.9497140619405817,0.95228741200283,1.2337459602182208
POSIX_OPENS,POSIX_SEEKS,0.9798151789770582,0.9752749900191359,1.523240489288508
POSIX_OPENS,POSIX_STATS,0.9995307992439351,0.9999586998719698,1.6564443233153332
POSIX_OPENS,POSIX_BYTES_READ,-0.4099860468314669,-0.7344042562688256,1.1178664432561092
POSIX_OPENS,POSIX_BYTES_WRITTEN,0.9072328291102839,0.8425123318104537,1.2360509459196836
POSIX_OPENS,POSIX_CONSEC_READS,0.9165114074778284,0.8546307414936045,1.442612531919396
POSIX_OPENS,POSIX_CONSEC_WRITES,0.9491292245460069,0.945738632210373,1.2087413187308513
POSIX_OPENS,POSIX_SEQ_READS,0.9380259226322006,0.9919371284409316,1.4484048237700715
POSIX_OPENS,POSIX_SEQ_WRITES,0.9504941192748749,0.9502877321291625,1.2365531609266647
POSIX_OPENS,POSIX_RW_SWITCHES,0.3053532213384086,0.4249515502377814,0.7063328586894659
POSIX_OPENS,POSIX_MEM_NOT_ALIGNED,0.9765664570642132,0.9926597423165588,1.3577064564779913
POSIX_OPENS,POSIX_FILE_NOT_ALIGNED,0.9139122995053486,0.8193052645278786,1.1838271692655291
POSIX_OPENS,POSIX_SIZE_READ_0_100,0.9616421241089684,0.9729445184050081,1.367488514936479
POSIX_OPENS,POSIX_SIZE_READ_100_1K,0.7106173728564615,0.7406438645815916,1.4060990882383884
POSIX_OPENS,POSIX_SIZE_READ_1K_10K,0.9490104987184754,0.9635825538967919,1.248501659032104
POSIX_OPENS,POSIX_SIZE_READ_100K_1M,-0.7383139217042691,-0.8255923445398001,0.832945935135954
POSIX_OPENS,POSIX_SIZE_WRITE_0_100,0.9472031670720772,0.9576336351702293,1.106257761869768
POSIX_OPENS,POSIX_SIZE_WRITE_100_1K,0.8774376780223995,0.8866339027541097,1.2012076589703313
POSIX_OPENS,POSIX_SIZE_WRITE_1K_10K,0.3340045211814345,0.24913740231992554,0.05635230021723592
POSIX_OPENS,POSIX_SIZE_WRITE_10K_100K,0.23217793723146551,0.24165279535352413,0.5159235890502547
POSIX_OPENS,POSIX_SIZE_WRITE_100K_1M,0.3339870602913893,0.24913740231992554,0.03222177373210089
POSIX_OPENS,POSIX_STRIDE1_STRIDE,-0.7630795880497427,-0.6871857954816255,0.8750071964173025
POSIX_OPENS,POSIX_STRIDE2_STRIDE,-0.7745796327240386,-0.6914957863016657,0.8297736769455226
POSIX_OPENS,POSIX_STRIDE3_STRIDE,-0.8379145124787082,-0.9374230033587888,0.8672062880199638
POSIX_OPENS,POSIX_STRIDE4_STRIDE,-0.8166687809517418,-0.8810924256643071,0.9233880362912785
POSIX_OPENS,POSIX_STRIDE1_COUNT,-0.7316206090511134,-0.682761253410554,0.885548417955552
POSIX_OPENS,POSIX_STRIDE2_COUNT,-0.4940135107457933,-0.8256066634461791,0.8888434814372572
POSIX_OPENS,POSIX_STRIDE3_COUNT,-0.4797056033202079,-0.8256066634461791,0.8927216346286984
POSIX_OPENS,POSIX_STRIDE4_COUNT,-0.34059796060456515,-0.8256066634461791,0.8270249686622839
POSIX_OPENS,POSIX_ACCESS1_ACCESS,-0.8665037503371176,-0.825386668830041,1.209032274709191
POSIX_OPENS,POSIX_ACCESS2_ACCESS,-0.8934215397185049,-0.9219500520121264,1.1129974493187205
POSIX_OPENS,POSIX_ACCESS3_ACCESS,-0.8382689289589126,-0.8120815776970727,1.0694683246102525
POSIX_OPENS,POSIX_ACCESS4_ACCESS,-0.059245880767526675,-0.5975291646130557,1.0540376966964153
POSIX_OPENS,POSIX_ACCESS1_COUNT,0.7992114576858802,0.7614319976791923,1.2517472182984304
POSIX_OPENS,POSIX_ACCESS2_COUNT,0.7612870644160836,0.7521493548459578,1.1374271652718142
POSIX_OPENS,POSIX_ACCESS3_COUNT,0.9523544492682188,0.9747170159001739,1.1926076948753255
POSIX_OPENS,POSIX_ACCESS4_COUNT,0.969426158493635,0.9822681287810215,1.2938357393202848
POSIX_OPENS,tag,-0.40574093496651886,-0.6214688963686055,1.0121923524387515
LUSTRE_STRIPE_SIZE,LUSTRE_STRIPE_WIDTH,-1.475232422837253e-17,,0.0
LUSTRE_STRIPE_SIZE,POSIX_FILENOS,,,0.016515751631036135
LUSTRE_STRIPE_SIZE,POSIX_MEM_ALIGNMENT,-1.0,,0.0
LUSTRE_STRIPE_SIZE,POSIX_FILE_ALIGNMENT,1.0,,0.0
LUSTRE_STRIPE_SIZE,POSIX_READS,2.7475186093406613e-16,,0.0
LUSTRE_STRIPE_SIZE,POSIX_WRITES,5.245519992123551e-16,,0.0
LUSTRE_STRIPE_SIZE,POSIX_SEEKS,-1.8749827485284705e-15,,0.0
LUSTRE_STRIPE_SIZE,POSIX_STATS,-2.4314465080788684e-16,,0.03793974656715049
LUSTRE_STRIPE_SIZE,POSIX_BYTES_READ,2.4689262602018216e-16,,0.01712806420102031
LUSTRE_STRIPE_SIZE,POSIX_BYTES_WRITTEN,1.3966223361955463e-16,,0.0034120415962504147
LUSTRE_STRIPE_SIZE,POSIX_CONSEC_READS,-6.049581331364713e-16,,0.11577191058281144
LUSTRE_STRIPE_SIZE,POSIX_CONSEC_WRITES,-5.993071480509227e-17,,0.0
LUSTRE_STRIPE_SIZE,POSIX_SEQ_READS,2.1629790646913616e-16,,0.0
LUSTRE_STRIPE_SIZE,POSIX_SEQ_WRITES,-8.264880161647437e-17,,0.0
LUSTRE_STRIPE_SIZE,POSIX_RW_SWITCHES,1.2527885188517233e-16,,0.0
LUSTRE_STRIPE_SIZE,POSIX_MEM_NOT_ALIGNED,5.99207124104109e-16,,0.017499341501805876
LUSTRE_STRIPE_SIZE,POSIX_FILE_NOT_ALIGNED,-1.3157018353386987e-15,,0.0
LUSTRE_STRIPE_SIZE,POSIX_SIZE_READ_0_100,-4.896103491910761e-16,,0.044436225631367954
LUSTRE_STRIPE_SIZE,POSIX_SIZE_READ_100_1K,-4.0848493535048566e-16,,0.0
LUSTRE_STRIPE_SIZE,POSIX_SIZE_READ_1K_10K,-1.7567572458761814e-16,,0.013587865309949265
LUSTRE_STRIPE_SIZE,POSIX_SIZE_READ_100K_1M,1.176251826409709e-17,,0.0
LUSTRE_STRIPE_SIZE,POSIX_SIZE_WRITE_0_100,6.917644690280113e-16,,0.017129387777419236
LUSTRE_STRIPE_SIZE,POSIX_SIZE_WRITE_100_1K,4.2007751774899056e-17,,0.040006700607578605
LUSTRE_STRIPE_SIZE,POSIX_SIZE_WRITE_1K_10K,9.420391313109106e-17,,0.07695481616118593
LUSTRE_STRIPE_SIZE,POSIX_SIZE_WRITE_10K_100K,3.388599146086475e-16,,0.022788409869657578
LUSTRE_STRIPE_SIZE,POSIX_SIZE_WRITE_100K_1M,1.2228665376769967e-16,,0.0699401539111899
LUSTRE_STRIPE_SIZE,POSIX_STRIDE1_STRIDE,5.190206091405269e-16,,0.037520307394027785
LUSTRE_STRIPE_SIZE,POSIX_STRIDE2_STRIDE,6.762229184711559e-16,,0.06628221277929658
LUSTRE_STRIPE_SIZE,POSIX_STRIDE3_STRIDE,1.880170619763089e-16,,0.0
LUSTRE_STRIPE_SIZE,POSIX_STRIDE4_STRIDE,7.166432488288916e-17,,0.0
LUSTRE_STRIPE_SIZE,POSIX_STRIDE1_COUNT,1.21247181424855e-16,,0.0
LUSTRE_STRIPE_SIZE,POSIX_STRIDE2_COUNT,2.9891420920461235e-16,,0.0
LUSTRE_STRIPE_SIZE,POSIX_STRIDE3_COUNT,-9.852124275672966e-16,,0.0
LUSTRE_STRIPE_SIZE,POSIX_STRIDE4_COUNT,-3.921991726511674e-16,,0.05879462954917036
LUSTRE_STRIPE_SIZE,POSIX_ACCESS1_ACCESS,2.0129076315187575e-16,,0.0
LUSTRE_STRIPE_SIZE,POSIX_ACCESS2_ACCESS,9.040465000595971e-17,,0.02441681346620106
LUSTRE_STRIPE_SIZE,POSIX_ACCESS3_ACCESS,7.542889357046427e-16,,0.13000063155537278
LUSTRE_STRIPE_SIZE,POSIX_ACCESS4_ACCESS,-1.227307000811746e-15,,0.007055212624655027
LUSTRE_STRIPE_SIZE,POSIX_ACCESS1_COUNT,1.2986037060306075e-15,,0.0
LUSTRE_STRIPE_SIZE,POSIX_ACCESS2_COUNT,1.158295636812189e-16,,0.0
LUSTRE_STRIPE_SIZE,POSIX_ACCESS3_COUNT,8.67018764454296e-18,,0.0
LUSTRE_STRIPE_SIZE,POSIX_ACCESS4_COUNT,5.293474368799344e-16,,0.019507956190215392
LUSTRE_STRIPE_SIZE,tag,-2.041681313501832e-17,,0.0
LUSTRE_STRIPE_WIDTH,POSIX_FILENOS,,,0.0
LUSTRE_STRIPE_WIDTH,POSIX_MEM_ALIGNMENT,2.212848634255879e-17,,0.0
LUSTRE_STRIPE_WIDTH,POSIX_FILE_ALIGNMENT,-1.4752324228372528e-17,,0.0
LUSTRE_STRIPE_WIDTH,POSIX_READS,-0.7429735035306257,-0.9274761958637379,0.7415058232656753
LUSTRE_STRIPE_WIDTH,POSIX_WRITES,-0.9701440461336214,-0.9260243768235651,0.6218657269211718
LUSTRE_STRIPE_WIDTH,POSIX_SEEKS,-0.8532175310951987,-0.9275879117186695,0.6571599191825133
LUSTRE_STRIPE_WIDTH,POSIX_STATS,-0.9151033098123377,-0.9275879117186695,0.6818851315029955
LUSTRE_STRIPE_WIDTH,POSIX_BYTES_READ,0.6275500853319227,0.8532751642092272,0.6407136810578329
LUSTRE_STRIPE_WIDTH,POSIX_BYTES_WRITTEN,-0.9737335146596087,-0.9259576808490598,0.7103532012772358
LUSTRE_STRIPE_WIDTH,POSIX_CONSEC_READS,-0.6994911702919108,-0.6677828610218912,0.7371098509401579
LUSTRE_STRIPE_WIDTH,POSIX_CONSEC_WRITES,-0.9627130720128597,-0.9260243768235651,0.6847116193020224
LUSTRE_STRIPE_WIDTH,POSIX_SEQ_READS,-0.71742280918774,-0.9274761958637379,0.7001479073878529
LUSTRE_STRIPE_WIDTH,POSIX_SEQ_WRITES,-0.9627998079600678,-0.9260243768235651,0.688860553788389
LUSTRE_STRIPE_WIDTH,POSIX_RW_SWITCHES,-0.35192941371633796,-0.6151810992101452,0.19522388191653084
LUSTRE_STRIPE_WIDTH,POSIX_MEM_NOT_ALIGNED,-0.9599213252202525,-0.9274825785395472,0.6837450517276578
LUSTRE_STRIPE_WIDTH,POSIX_FILE_NOT_ALIGNED,-0.8081810190391402,-0.6667375513129669,0.6685835022850835
LUSTRE_STRIPE_WIDTH,POSIX_SIZE_READ_0_100,-0.956981332540119,-0.9274857699268669,0.6137830581419346
LUSTRE_STRIPE_WIDTH,POSIX_SIZE_READ_100_1K,-0.6548546404671124,-0.7420652214944059,0.7453882880310094
LUSTRE_STRIPE_WIDTH,POSIX_SIZE_READ_1K_10K,-0.8895458327970392,-0.9275272609601415,0.7697237728107795
LUSTRE_STRIPE_WIDTH,POSIX_SIZE_READ_100K_1M,0.8685979611005259,0.8876108737333781,0.7417337821232701
LUSTRE_STRIPE_WIDTH,POSIX_SIZE_WRITE_0_100,-0.958378854567398,-0.9260243768235651,0.7372082186017113
LUSTRE_STRIPE_WIDTH,POSIX_SIZE_WRITE_100_1K,-0.902499084997521,-0.9260307295728187,0.7202917260770454
LUSTRE_STRIPE_WIDTH,POSIX_SIZE_WRITE_1K_10K,-0.14279572734993903,-0.14284985478516113,0.07038908503976504
LUSTRE_STRIPE_WIDTH,POSIX_SIZE_WRITE_10K_100K,-0.33714777727576006,-0.3509812183082557,0.020096568615531663
LUSTRE_STRIPE_WIDTH,POSIX_SIZE_WRITE_100K_1M,-0.1428067545966167,-0.14284985478516113,0.014300331328321647
LUSTRE_STRIPE_WIDTH,POSIX_STRIDE1_STRIDE,0.7724980055353083,0.6174684339014805,0.7079686108523662
LUSTRE_STRIPE_WIDTH,POSIX_STRIDE2_STRIDE,0.7852170042734878,0.6174684339014805,0.6800915570358459
LUSTRE_STRIPE_WIDTH,POSIX_STRIDE3_STRIDE,0.8635977204104421,0.9647944279710632,0.6850397030140902
LUSTRE_STRIPE_WIDTH,POSIX_STRIDE4_STRIDE,0.8547331833016023,0.9262026508522208,0.6688001497954144
LUSTRE_STRIPE_WIDTH,POSIX_STRIDE1_COUNT,0.7759594853148675,0.6174684339014805,0.685776600937094
LUSTRE_STRIPE_WIDTH,POSIX_STRIDE2_COUNT,0.6535932468670326,0.8876108737333781,0.6052044189273298
LUSTRE_STRIPE_WIDTH,POSIX_STRIDE3_COUNT,0.6460080792275336,0.8876108737333781,0.5810432810604338
LUSTRE_STRIPE_WIDTH,POSIX_STRIDE4_COUNT,0.47488352119210736,0.8876108737333781,0.6353433301465508
LUSTRE_STRIPE_WIDTH,POSIX_ACCESS1_ACCESS,0.9803983152656608,0.9285599448194489,0.6846054372742616
LUSTRE_STRIPE_WIDTH,POSIX_ACCESS2_ACCESS,0.9607770586690891,0.9304713208417458,0.6416833178302905
LUSTRE_STRIPE_WIDTH,POSIX_ACCESS3_ACCESS,0.8678493803677274,0.8157973848663966,0.62788510052298
LUSTRE_STRIPE_WIDTH,POSIX_ACCESS4_ACCESS,0.010136506388363671,0.48171777277255967,0.6717247715227803
LUSTRE_STRIPE_WIDTH,POSIX_ACCESS1_COUNT,-0.7128751302116794,-0.6677897543473441,0.629768506998053
LUSTRE_STRIPE_WIDTH,POSIX_ACCESS2_COUNT,-0.6613246372893794,-0.6297008961095167,0.7127234185635336
LUSTRE_STRIPE_WIDTH,POSIX_ACCESS3_COUNT,-0.8634147907025146,-0.9261355688152958,0.6545479615481298
LUSTRE_STRIPE_WIDTH,POSIX_ACCESS4_COUNT,-0.8741227027576655,-0.9262245512533305,0.6745786123333046
LUSTRE_STRIPE_WIDTH,tag,0.4919955466814214,0.5196412249814962,0.6443282962170163
POSIX_FILENOS,POSIX_MEM_ALIGNMENT,,,0.0
POSIX_FILENOS,POSIX_FILE_ALIGNMENT,,,0.0
POSIX_FILENOS,POSIX_READS,,,0.0
POSIX_FILENOS,POSIX_WRITES,,,0.048714100939937444
POSIX_FILENOS,POSIX_SEEKS,,,0.0
POSIX_FILENOS,POSIX_STATS,,,0.026819094893493878
POSIX_FILENOS,POSIX_BYTES_READ,,,0.0
POSIX_FILENOS,POSIX_BYTES_WRITTEN,,,0.04418097737654936
POSIX_FILENOS,POSIX_CONSEC_READS,,,5.0631804122680535e-05
POSIX_FILENOS,POSIX_CONSEC_WRITES,,,0.0
POSIX_FILENOS,POSIX_SEQ_READS,,,0.048525908756170466
POSIX_FILENOS,POSIX_SEQ_WRITES,,,0.004976660230049612
POSIX_FILENOS,POSIX_RW_SWITCHES,,,0.0
POSIX_FILENOS,POSIX_MEM_NOT_ALIGNED,,,0.11378225106092987
POSIX_FILENOS,POSIX_FILE_NOT_ALIGNED,,,0.017272692313170968
POSIX_FILENOS,POSIX_SIZE_READ_0_100,,,0.0
POSIX_FILENOS,POSIX_SIZE_READ_100_1K,,,0.10713411304262
POSIX_FILENOS,POSIX_SIZE_READ_1K_10K,,,0.0
POSIX_FILENOS,POSIX_SIZE_READ_100K_1M,,,0.052357168155561684
POSIX_FILENOS,POSIX_SIZE_WRITE_0_100,,,0.0
POSIX_FILENOS,POSIX_SIZE_WRITE_100_1K,,,0.05025143021476497
POSIX_FILENOS,POSIX_SIZE_WRITE_1K_10K,,,0.0
POSIX_FILENOS,POSIX_SIZE_WRITE_10K_100K,,,0.03695909051825019
POSIX_FILENOS,POSIX_SIZE_WRITE_100K_1M,,,0.0
POSIX_FILENOS,POSIX_STRIDE1_STRIDE,,,0.0
POSIX_FILENOS,POSIX_STRIDE2_STRIDE,,,0.0
POSIX_FILENOS,POSIX_STRIDE3_STRIDE,,,0.0
POSIX_FILENOS,POSIX_STRIDE4_STRIDE,,,0.0
POSIX_FILENOS,POSIX_STRIDE1_COUNT,,,0.0015577741073942164
POSIX_FILENOS,POSIX_STRIDE2_COUNT,,,0.0011389288191225866
POSIX_FILENOS,POSIX_STRIDE3_COUNT,,,0.0
POSIX_FILENOS,POSIX_STRIDE4_COUNT,,,0.0
POSIX_FILENOS,POSIX_ACCESS1_ACCESS,,,0.04138887429875293
POSIX_FILENOS,POSIX_ACCESS2_ACCESS,,,0.0
POSIX_FILENOS,POSIX_ACCESS3_ACCESS,,,0.07073626541710576
POSIX_FILENOS,POSIX_ACCESS4_ACCESS,,,0.011459080946706557
POSIX_FILENOS,POSIX_ACCESS1_COUNT,,,0.0
POSIX_FILENOS,POSIX_ACCESS2_COUNT,,,0.0
POSIX_FILENOS,POSIX_ACCESS3_COUNT,,,0.02373250100753732
POSIX_FILENOS,POSIX_ACCESS4_COUNT,,,0.03876145078797366
POSIX_FILENOS,tag,,,0.0
POSIX_MEM_ALIGNMENT,POSIX_FILE_ALIGNMENT,-1.0,,0.0
POSIX_MEM_ALIGNMENT,POSIX_READS,-1.1905913973809528e-15,,0.03631248529879971
POSIX_MEM_ALIGNMENT,POSIX_WRITES,-4.631179812865837e-17,,0.012290475624723074
POSIX_MEM_ALIGNMENT,POSIX_SEEKS,2.1029218277613432e-15,,0.0
POSIX_MEM_ALIGNMENT,POSIX_STATS,1.5823699497021213e-16,,0.0
POSIX_MEM_ALIGNMENT,POSIX_BYTES_READ,4.173661058912602e-16,,0.030975678443305732
POSIX_MEM_ALIGNMENT,POSIX_BYTES_WRITTEN,5.313815460096386e-16,,0.0
POSIX_MEM_ALIGNMENT,POSIX_CONSEC_READS,4.3889119462842033e-16,,0.05032549598180447
POSIX_MEM_ALIGNMENT,POSIX_CONSEC_WRITES,1.0987297714266916e-16,,0.0
POSIX_MEM_ALIGNMENT,POSIX_SEQ_READS,3.95666902077688e-16,,0.0
POSIX_MEM_ALIGNMENT,POSIX_SEQ_WRITES,5.025427132771833e-16,,0.0
POSIX_MEM_ALIGNMENT,POSIX_RW_SWITCHES,-1.5748561555064147e-16,,0.0
POSIX_MEM_ALIGNMENT,POSIX_MEM_NOT_ALIGNED,2.521663313938125e-16,,0.0
POSIX_MEM_ALIGNMENT,POSIX_FILE_NOT_ALIGNED,1.0529565739272167e-15,,0.0
POSIX_MEM_ALIGNMENT,POSIX_SIZE_READ_0_100,7.539025028588957e-16,,0.0
POSIX_MEM_ALIGNMENT,POSIX_SIZE_READ_100_1K,-3.103546462835299e-16,,0.0
POSIX_MEM_ALIGNMENT,POSIX_SIZE_READ_1K_10K,9.02877618543847e-16,,0.0
POSIX_MEM_ALIGNMENT,POSIX_SIZE_READ_100K_1M,-8.100454244541529e-16,,0.0
POSIX_MEM_ALIGNMENT,POSIX_SIZE_WRITE_0_100,-4.3099202612546333e-16,,0.012583630349882524
POSIX_MEM_ALIGNMENT,POSIX_SIZE_WRITE_100_1K,-5.046315822189796e-16,,0.0
POSIX_MEM_ALIGNMENT,POSIX_SIZE_WRITE_1K_10K,1.0813381507278119e-16,,0.0
POSIX_MEM_ALIGNMENT,POSIX_SIZE_WRITE_10K_100K,1.1148000089298982e-16,,0.0
POSIX_MEM_ALIGNMENT,POSIX_SIZE_WRITE_100K_1M,-9.195321107986766e-17,,0.0
POSIX_MEM_ALIGNMENT,POSIX_STRIDE1_STRIDE,-2.911579026885882e-16,,0.0
POSIX_MEM_ALIGNMENT,POSIX_STRIDE2_STRIDE,1.3840819968707871e-17,,0.062335275023508
POSIX_MEM_ALIGNMENT,POSIX_STRIDE3_STRIDE,5.32337464631718e-16,,0.0188491332781644
POSIX_MEM_ALIGNMENT,POSIX_STRIDE4_STRIDE,3.8220973270874216e-16,,0.0
POSIX_MEM_ALIGNMENT,POSIX_STRIDE1_COUNT,-5.388763618882445e-16,,0.02168575767290548
POSIX_MEM_ALIGNMENT,POSIX_STRIDE2_COUNT,-1.0211000657943819e-15,,0.0
POSIX_MEM_ALIGNMENT,POSIX_STRIDE3_COUNT,3.9711281063882744e-16,,0.0
POSIX_MEM_ALIGNMENT,POSIX_STRIDE4_COUNT,-9.882427810088656e-17,,0.0
POSIX_MEM_ALIGNMENT,POSIX_ACCESS1_ACCESS,3.529881498750285e-16,,0.0
POSIX_MEM_ALIGNMENT,POSIX_ACCESS2_ACCESS,3.6412984030178213e-16,,0.06303972945143976
POSIX_MEM_ALIGNMENT,POSIX_ACCESS3_ACCESS,-9.23056779766412e-16,,0.0
POSIX_MEM_ALIGNMENT,POSIX_ACCESS4_ACCESS,1.1896883954228798e-15,,0.03318564231785848
POSIX_MEM_ALIGNMENT,POSIX_ACCESS1_COUNT,-7.460989466809018e-16,,0.0221007758196492
POSIX_MEM_ALIGNMENT,POSIX_ACCESS2_COUNT,-9.700725958302082e-16,,0.04011695349391098
POSIX_MEM_ALIGNMENT,POSIX_ACCESS3_COUNT,6.517091046148125e-16,,0.0
POSIX_MEM_ALIGNMENT,POSIX_ACCESS4_COUNT,-6.880583086076042e-16,,0.018000366365115372
POSIX_MEM_ALIGNMENT,tag,-1.3866418920866604e-16,,0.0
POSIX_FILE_ALIGNMENT,POSIX_READS,2.7475186093406613e-16,,0.0
POSIX_FILE_ALIGNMENT,POSIX_WRITES,5.245519992123551e-16,,0.03196787199382278
POSIX_FILE_ALIGNMENT,POSIX_SEEKS,-1.8749827485284705e-15,,0.0
POSIX_FILE_ALIGNMENT,POSIX_STATS,-2.4314465080788684e-16,,0.05279763729100928
POSIX_FILE_ALIGNMENT,POSIX_BYTES_READ,2.4689262602018216e-16,,0.0
POSIX_FILE_ALIGNMENT,POSIX_BYTES_WRITTEN,1.3966223361955463e-16,,0.04178454843954604
POSIX_FILE_ALIGNMENT,POSIX_CONSEC_READS,-6.049581331364713e-16,,0.04794262716395781
POSIX_FILE_ALIGNMENT,POSIX_CONSEC_WRITES,-5.993071480509227e-17,,0.0
POSIX_FILE_ALIGNMENT,POSIX_SEQ_READS,2.1629790646913616e-16,,0.0
POSIX_FILE_ALIGNMENT,POSIX_SEQ_WRITES,-8.264880161647437e-17,,0.0
POSIX_FILE_ALIGNMENT,POSIX_RW_SWITCHES,1.2527885188517233e-16,,0.052572152979728504
POSIX_FILE_ALIGNMENT,POSIX_MEM_NOT_ALIGNED,5.99207124104109e-16,,0.0
POSIX_FILE_ALIGNMENT,POSIX_FILE_NOT_ALIGNED,-1.3157018353386987e-15,,0.07383948919002048
POSIX_FILE_ALIGNMENT,POSIX_SIZE_READ_0_100,-4.896103491910761e-16,,0.0
POSIX_FILE_ALIGNMENT,POSIX_SIZE_READ_100_1K,-4.0848493535048566e-16,,0.07541002020223964
POSIX_FILE_ALIGNMENT,POSIX_SIZE_READ_1K_10K,-1.7567572458761814e-16,,0.0
POSIX_FILE_ALIGNMENT,POSIX_SIZE_READ_100K_1M,1.176251826409709e-17,,0.00020876709316519637
POSIX_FILE_ALIGNMENT,POSIX_SIZE_WRITE_0_100,6.917644690280113e-16,,0.0
POSIX_FILE_ALIGNMENT,POSIX_SIZE_WRITE_100_1K,4.2007751774899056e-17,,0.0
POSIX_FILE_ALIGNMENT,POSIX_SIZE_WRITE_1K_10K,9.420391313109106e-17,,0.07298129273611131
POSIX_FILE_ALIGNMENT,POSIX_SIZE_WRITE_10K_100K,3.388599146086475e-16,,0.0
POSIX_FILE_ALIGNMENT,POSIX_SIZE_WRITE_100K_1M,1.2228665376769967e-16,,0.004352990682729985
POSIX_FILE_ALIGNMENT,POSIX_STRIDE1_STRIDE,5.190206091405269e-16,,0.0
POSIX_FILE_ALIGNMENT,POSIX_STRIDE2_STRIDE,6.762229184711559e-16,,0.07753406662480167
POSIX_FILE_ALIGNMENT,POSIX_STRIDE3_STRIDE,1.880170619763089e-16,,0.13212459616588168
POSIX_FILE_ALIGNMENT,POSIX_STRIDE4_STRIDE,7.166432488288916e-17,,0.0
POSIX_FILE_ALIGNMENT,POSIX_STRIDE1_COUNT,1.21247181424855e-16,,0.019216524371542754
POSIX_FILE_ALIGNMENT,POSIX_STRIDE2_COUNT,2.9891420920461235e-16,,0.0
POSIX_FILE_ALIGNMENT,POSIX_STRIDE3_COUNT,-9.852124275672966e-16,,0.0
POSIX_FILE_ALIGNMENT,POSIX_STRIDE4_COUNT,-3.921991726511674e-16,,0.0
POSIX_FILE_ALIGNMENT,POSIX_ACCESS1_ACCESS,2.0129076315187575e-16,,0.057184152925977116
POSIX_FILE_ALIGNMENT,POSIX_ACCESS2_ACCESS,9.040465000595971e-17,,0.016911115114999653
POSIX_FILE_ALIGNMENT,POSIX_ACCESS3_ACCESS,7.542889357046427e-16,,0.0
POSIX_FILE_ALIGNMENT,POSIX_ACCESS4_ACCESS,-1.227307000811746e-15,,0.062179440122950735
POSIX_FILE_ALIGNMENT,POSIX_ACCESS1_COUNT,1.2986037060306075e-15,,0.04205468718404859
POSIX_FILE_ALIGNMENT,POSIX_ACCESS2_COUNT,1.158295636812189e-16,,0.0
POSIX_FILE_ALIGNMENT,POSIX_ACCESS3_COUNT,8.67018764454296e-18,,0.0
POSIX_FILE_ALIGNMENT,POSIX_ACCESS4_COUNT,5.293474368799344e-16,,0.0
POSIX_FILE_ALIGNMENT,tag,-2.041681313501832e-17,,0.0
POSIX_READS,POSIX_WRITES,0.8332831981297473,0.9481394887162106,1.217683189641245
POSIX_READS,POSIX_SEEKS,0.9544326562404091,0.9776696527446004,1.5670823838381027
POSIX_READS,POSIX_STATS,0.9429451808144159,0.9924533178655458,1.570750463881557
POSIX_READS,POSIX_BYTES_READ,-0.24651313166421615,-0.726684031426021,1.084451728949234
POSIX_READS,POSIX_BYTES_WRITTEN,0.743717204962798,0.8370038340569496,1.2134786398960178
POSIX_READS,POSIX_CONSEC_READS,0.9893121901724928,0.862655096240529,1.7495039992106785
POSIX_READS,POSIX_CONSEC_WRITES,0.840461592366812,0.9421205588276264,1.2091862958781903
POSIX_READS,POSIX_SEQ_READS,0.9987236551468166,0.9999449464259907,1.7539944352161
POSIX_READS,POSIX_SEQ_WRITES,0.8425056545992285,0.9461606624514705,1.1983753072202834
POSIX_READS,POSIX_RW_SWITCHES,0.17837633936779734,0.4150540344081464,0.6165846312739687
POSIX_READS,POSIX_MEM_NOT_ALIGNED,0.8903810951169423,0.9989333296867238,1.5429219594295627
POSIX_READS,POSIX_FILE_NOT_ALIGNED,0.9053545129641252,0.8159909972240414,1.265366691761797
POSIX_READS,POSIX_SIZE_READ_0_100,0.8645973129214746,0.9745684271894868,1.4375537276960522
POSIX_READS,POSIX_SIZE_READ_100_1K,0.7141292285998917,0.7611195088186957,1.261152341790372
POSIX_READS,POSIX_SIZE_READ_1K_10K,0.9051802680903435,0.9685213875179381,1.2804879748634859
POSIX_READS,POSIX_SIZE_READ_100K_1M,-0.5857420806084551,-0.8232307979865953,0.8228060052075441
POSIX_READS,POSIX_SIZE_WRITE_0_100,0.8471440623072066,0.9564807910960521,1.1583783201959803
POSIX_READS,POSIX_SIZE_WRITE_100_1K,0.7713271566825426,0.8767497265934487,1.1656284043682974
POSIX_READS,POSIX_SIZE_WRITE_1K_10K,0.4180328801615651,0.25445998650392837,0.0
POSIX_READS,POSIX_SIZE_WRITE_10K_100K,0.049085496517018365,0.24152899274525055,0.46697944293671423
POSIX_READS,POSIX_SIZE_WRITE_100K_1M,0.4180261131218719,0.25445998650392837,0.014695341956902475
POSIX_READS,POSIX_STRIDE1_STRIDE,-0.7157807592808992,-0.6850699931001067,0.8363082904979673
POSIX_READS,POSIX_STRIDE2_STRIDE,-0.7242647334120208,-0.6893794648380169,0.9110390499785366
POSIX_READS,POSIX_STRIDE3_STRIDE,-0.7622606449974976,-0.9367087813576116,0.8428848370288264
POSIX_READS,POSIX_STRIDE4_STRIDE,-0.7352524463952352,-0.878724194850847,0.908354621071775
POSIX_READS,POSIX_STRIDE1_COUNT,-0.6607326518655323,-0.6804169089977121,0.8594762531804969
POSIX_READS,POSIX_STRIDE2_COUNT,-0.3532192810292582,-0.8232737495321558,0.8405450396352552
POSIX_READS,POSIX_STRIDE3_COUNT,-0.33428894950601873,-0.8232737495321558,0.81498477301525
POSIX_READS,POSIX_STRIDE4_COUNT,-0.23036236123299195,-0.8232737495321558,0.8360243464975325
POSIX_READS,POSIX_ACCESS1_ACCESS,-0.6968838292832874,-0.8407547235053833,1.2232309612275865
POSIX_READS,POSIX_ACCESS2_ACCESS,-0.7527536843901376,-0.9292124017324669,1.106059394225389
POSIX_READS,POSIX_ACCESS3_ACCESS,-0.7309892604240738,-0.8329562545761701,1.1723315416584756
POSIX_READS,POSIX_ACCESS4_ACCESS,-0.12056589327517327,-0.5670554191473317,1.0844058950492679
POSIX_READS,POSIX_ACCESS1_COUNT,0.7875039385293686,0.7527552878184302,1.2207830538894888
POSIX_READS,POSIX_ACCESS2_COUNT,0.776294517623535,0.7450331997459354,1.1696203023704665
POSIX_READS,POSIX_ACCESS3_COUNT,0.93090802026403,0.9828319799252762,1.2443960744816582
POSIX_READS,POSIX_ACCESS4_COUNT,0.9469072176318982,0.9882044204296613,1.3042619521009762
POSIX_READS,tag,-0.3489280673969084,-0.6266569956957284,0.900992643275035
POSIX_WRITES,POSIX_SEEKS,0.8921917344275855,0.9123075580337691,1.2749519100993585
POSIX_WRITES,POSIX_STATS,0.9520350578435962,0.9521637204642526,1.2588574017809648
POSIX_WRITES,POSIX_BYTES_READ,-0.6043179957035635,-0.7645663672865056,1.1277550080556018
POSIX_WRITES,POSIX_BYTES_WRITTEN,0.9564092860012663,0.9050586697185715,1.5678867679532873
POSIX_WRITES,POSIX_CONSEC_READS,0.8059687578068719,0.8053204514284122,1.1745732435124772
POSIX_WRITES,POSIX_CONSEC_WRITES,0.9990264326365006,0.9958701781585934,2.000747691895597
POSIX_WRITES,POSIX_SEQ_READS,0.8107858384735857,0.9472050429800833,1.2483455617783363
POSIX_WRITES,POSIX_SEQ_WRITES,0.9991578898565937,0.9998490762782211,1.9258032795756366
POSIX_WRITES,POSIX_RW_SWITCHES,0.26013838231685854,0.5678660177715018,0.5306437086606257
POSIX_WRITES,POSIX_MEM_NOT_ALIGNED,0.98267803695488,0.9491010786742122,1.306327940911745
POSIX_WRITES,POSIX_FILE_NOT_ALIGNED,0.9189544247471808,0.8570066337835891,1.5273148992740067
POSIX_WRITES,POSIX_SIZE_READ_0_100,0.9747790709953322,0.9310473683882557,1.404680031526353
POSIX_WRITES,POSIX_SIZE_READ_100_1K,0.7210940996223739,0.7845837721507121,1.230139431633659
POSIX_WRITES,POSIX_SIZE_READ_1K_10K,0.9265567260796295,0.9169891053412061,1.1867355394184296
POSIX_WRITES,POSIX_SIZE_READ_100K_1M,-0.8604560538440389,-0.8296470401480672,0.7390198515467667
POSIX_WRITES,POSIX_SIZE_WRITE_0_100,0.9953701081694006,0.9817931110181176,1.5956391360346127
POSIX_WRITES,POSIX_SIZE_WRITE_100_1K,0.9651382760052413,0.9551067449870763,1.523292500358411
POSIX_WRITES,POSIX_SIZE_WRITE_1K_10K,0.17114235438448278,0.2302243720758748,0.037376860137083856
POSIX_WRITES,POSIX_SIZE_WRITE_10K_100K,0.2259225519570148,0.24232097864311938,0.28414443832863023
POSIX_WRITES,POSIX_SIZE_WRITE_100K_1M,0.17114476293805972,0.2302243720758748,0.04907898765791252
POSIX_WRITES,POSIX_STRIDE1_STRIDE,-0.8302636404600837,-0.6860846595867668,0.8042380836391594
POSIX_WRITES,POSIX_STRIDE2_STRIDE,-0.8411451359111471,-0.6898870685511505,0.9274865767369489
POSIX_WRITES,POSIX_STRIDE3_STRIDE,-0.9036676087339067,-0.9353997526236723,0.8389144388518006
POSIX_WRITES,POSIX_STRIDE4_STRIDE,-0.8917287857083807,-0.8816942996943875,0.8499781234602333
POSIX_WRITES,POSIX_STRIDE1_COUNT,-0.8201762967311749,-0.6820535342936982,0.9283348154772488
POSIX_WRITES,POSIX_STRIDE2_COUNT,-0.6477325625845421,-0.8296756296891528,0.8167228068084476
POSIX_WRITES,POSIX_STRIDE3_COUNT,-0.6363641895196028,-0.8296756296891528,0.86504937546909
POSIX_WRITES,POSIX_STRIDE4_COUNT,-0.4772110251270601,-0.8296756296891528,0.8058100907124901
POSIX_WRITES,POSIX_ACCESS1_ACCESS,-0.9501002615854547,-0.8280677438140062,1.223162550398548
POSIX_WRITES,POSIX_ACCESS2_ACCESS,-0.9341054258447858,-0.8470670841520905,1.098450433079651
POSIX_WRITES,POSIX_ACCESS3_ACCESS,-0.871381760857385,-0.8029247545306264,1.0768677435900627
POSIX_WRITES,POSIX_ACCESS4_ACCESS,-0.11094289159678752,-0.5477274223578464,0.9810086264569629
POSIX_WRITES,POSIX_ACCESS1_COUNT,0.8458381357014171,0.8238460972701075,1.257432822804058
POSIX_WRITES,POSIX_ACCESS2_COUNT,0.812400627347591,0.818266011763945,1.253942353223397
POSIX_WRITES,POSIX_ACCESS3_COUNT,0.9468550807973062,0.9613829086494398,1.0563209325944638
POSIX_WRITES,POSIX_ACCESS4_COUNT,0.9492402853649042,0.9643091399450173,1.285728901417356
POSIX_WRITES,tag,-0.5346927991884303,-0.5884311479270556,1.0487506485671245
POSIX_SEEKS,POSIX_STATS,0.9801416199613532,0.9753438235658533,1.5034648225442364
POSIX_SEEKS,POSIX_BYTES_READ,-0.2647618295823028,-0.6760131094712255,1.0549425355908029
POSIX_SEEKS,POSIX_BYTES_WRITTEN,0.8783604389543888,0.865379875812486,1.2384132419755711
POSIX_SEEKS,POSIX_CONSEC_READS,0.9053633799048102,0.7579863161545385,1.485888426425132
POSIX_SEEKS,POSIX_CONSEC_WRITES,0.8873999896335779,0.9045905803769703,1.2423875923980345
POSIX_SEEKS,POSIX_SEQ_READS,0.9514464326570663,0.9771947584739556,1.5720143885296047
POSIX_SEEKS,POSIX_SEQ_WRITES,0.8895493717623684,0.9096894204672149,1.2273615644535032
POSIX_SEEKS,POSIX_RW_SWITCHES,0.3976298951512677,0.44762204576256165,0.6106685001193002
POSIX_SEEKS,POSIX_MEM_NOT_ALIGNED,0.9292828978681192,0.9778071497276083,1.3782148059927968
POSIX_SEEKS,POSIX_FILE_NOT_ALIGNED,0.849409903204336,0.6969056153534349,1.1597769428396174
POSIX_SEEKS,POSIX_SIZE_READ_0_100,0.9163176508805226,0.9526683885038236,1.493162935782257
POSIX_SEEKS,POSIX_SIZE_READ_100_1K,0.708184067965881,0.739611368487844,1.312352579082559
POSIX_SEEKS,POSIX_SIZE_READ_1K_10K,0.8998902970167907,0.93996042530805,1.2409954240386054
POSIX_SEEKS,POSIX_SIZE_READ_100K_1M,-0.6316170335845043,-0.7802014113187764,0.7745759112024895
POSIX_SEEKS,POSIX_SIZE_WRITE_0_100,0.8837871649456671,0.9254326046272559,1.1091021375536814
POSIX_SEEKS,POSIX_SIZE_WRITE_100_1K,0.7898902910063281,0.8283060704225703,1.2037493287848466
POSIX_SEEKS,POSIX_SIZE_WRITE_1K_10K,0.41550360613514364,0.2597378661990842,0.0
POSIX_SEEKS,POSIX_SIZE_WRITE_10K_100K,0.31543849812291486,0.38797988483860935,0.4586587273266183
POSIX_SEEKS,POSIX_SIZE_WRITE_100K_1M,0.4154997559039962,0.2597378661990842,0.01191657650193445
POSIX_SEEKS,POSIX_STRIDE1_STRIDE,-0.6461534277326009,-0.5550938841365333,0.7974528953299123
POSIX_SEEKS,POSIX_STRIDE2_STRIDE,-0.659063631700254,-0.5579003897867921,0.8607701258181018
POSIX_SEEKS,POSIX_STRIDE3_STRIDE,-0.7321761687665076,-0.8918888810739765,0.8712847825500685
POSIX_SEEKS,POSIX_STRIDE4_STRIDE,-0.7077944774966868,-0.8356298979113892,0.909252652785971
POSIX_SEEKS,POSIX_STRIDE1_COUNT,-0.6110667427078433,-0.5521728272352434,0.8705053787734882
POSIX_SEEKS,POSIX_STRIDE2_COUNT,-0.37214974358679964,-0.7802157302251553,0.839675317593779
POSIX_SEEKS,POSIX_STRIDE3_COUNT,-0.3590045842471248,-0.7802157302251553,0.8270921012902592
POSIX_SEEKS,POSIX_STRIDE4_COUNT,-0.22718175089857093,-0.7802157302251553,0.8465654298747824
POSIX_SEEKS,POSIX_ACCESS1_ACCESS,-0.8251218240111243,-0.885734261981216,1.2181290517713288
POSIX_SEEKS,POSIX_ACCESS2_ACCESS,-0.8547385361372171,-0.9578547603077366,1.0623794008880472
POSIX_SEEKS,POSIX_ACCESS3_ACCESS,-0.818492723253398,-0.8306281899233158,1.209253549511697
POSIX_SEEKS,POSIX_ACCESS4_ACCESS,0.04502460320733669,-0.4849815928749838,1.030365981609906
POSIX_SEEKS,POSIX_ACCESS1_COUNT,0.7057010090746817,0.6164432154326364,1.1476311791752303
POSIX_SEEKS,POSIX_ACCESS2_COUNT,0.6796434034706641,0.6167611653318212,1.1503315481306955
POSIX_SEEKS,POSIX_ACCESS3_COUNT,0.9129696377330685,0.9534670069938067,1.183293850050931
POSIX_SEEKS,POSIX_ACCESS4_COUNT,0.9390090384060924,0.9610160781891124,1.2627636186324702
POSIX_SEEKS,tag,-0.2892667138630127,-0.5313260537283915,0.9584145259790167
POSIX_STATS,POSIX_BYTES_READ,-0.40463110647382594,-0.7327662207976057,1.2098711846800358
POSIX_STATS,POSIX_BYTES_WRITTEN,0.9168380565055075,0.8425810443825752,1.2112916813397692
POSIX_STATS,POSIX_CONSEC_READS,0.9080813607383907,0.8546720366475736,1.4533850666110333
POSIX_STATS,POSIX_CONSEC_WRITES,0.9504383443280343,0.9455874536632229,1.2529327839130393
POSIX_STATS,POSIX_SEQ_READS,0.9317849176498502,0.9919784235949008,1.5051397498403003
POSIX_STATS,POSIX_SEQ_WRITES,0.9519281269878422,0.9501365535820124,1.200122386185603
POSIX_STATS,POSIX_RW_SWITCHES,0.3297095735559649,0.4252613232798316,0.6533950361928151
POSIX_STATS,POSIX_MEM_NOT_ALIGNED,0.9768561750414184,0.992590916586304,1.3751057460907976
POSIX_STATS,POSIX_FILE_NOT_ALIGNED,0.908076032992733,0.819209059997874,1.1305309612378915
POSIX_STATS,POSIX_SIZE_READ_0_100,0.9601760884111524,0.9718157725449287,1.4077766416593533
POSIX_STATS,POSIX_SIZE_READ_100_1K,0.7069763313454441,0.7397077347899271,1.3789748034275173
POSIX_STATS,POSIX_SIZE_READ_1K_10K,0.9490551096374197,0.9643121417844396,1.2315607904666792
POSIX_STATS,POSIX_SIZE_READ_100K_1M,-0.7342611637342992,-0.8233299573319384,0.8882046357261011
POSIX_STATS,POSIX_SIZE_WRITE_0_100,0.947806545564328,0.956960203460197,1.1584665471328002
POSIX_STATS,POSIX_SIZE_WRITE_100_1K,0.8744676049562896,0.8853420044885196,1.1606102746674658
POSIX_STATS,POSIX_SIZE_WRITE_1K_10K,0.3481484449596586,0.25449063657890064,0.0
POSIX_STATS,POSIX_SIZE_WRITE_10K_100K,0.24918944792897266,0.24155808526324257,0.4008927894434198
POSIX_STATS,POSIX_SIZE_WRITE_100K_1M,0.3481342561672176,0.25449063657890064,0.0
POSIX_STATS,POSIX_STRIDE1_STRIDE,-0.7537064039593978,-0.6851525107758256,0.7967533028100777
POSIX_STATS,POSIX_STRIDE2_STRIDE,-0.765683606931252,-0.6894625015958661,0.8899907651694283
POSIX_STATS,POSIX_STRIDE3_STRIDE,-0.8322778882275302,-0.9368216092908761,0.8662170902917072
POSIX_STATS,POSIX_STRIDE4_STRIDE,-0.8105189662161763,-0.8788300384564454,0.833043861950391
POSIX_STATS,POSIX_STRIDE1_COUNT,-0.722197761124297,-0.6804988662026923,0.7869563001887245
POSIX_STATS,POSIX_STRIDE2_COUNT,-0.4842988237278566,-0.823372914051075,0.8053364420817668
POSIX_STATS,POSIX_STRIDE3_COUNT,-0.4701950045672102,-0.823372914051075,0.9447339153958656
POSIX_STATS,POSIX_STRIDE4_COUNT,-0.32923424119739514,-0.823372914051075,0.8856598449093624
POSIX_STATS,POSIX_ACCESS1_ACCESS,-0.8738398936761985,-0.8250421404379927,1.1250701193990027
POSIX_STATS,POSIX_ACCESS2_ACCESS,-0.8965145401729617,-0.9222124325727482,1.1499683928591176
POSIX_STATS,POSIX_ACCESS3_ACCESS,-0.843537642168816,-0.812026543239428,1.1087612370436075
POSIX_STATS,POSIX_ACCESS4_ACCESS,-0.037867626383603525,-0.5958930589403424,1.0408094313581433
POSIX_STATS,POSIX_ACCESS1_COUNT,0.7900837813026491,0.7605097297203468,1.2772428870674142
POSIX_STATS,POSIX_ACCESS2_COUNT,0.7534205286267616,0.7518057648817049,1.0853502311368846
POSIX_STATS,POSIX_ACCESS3_COUNT,0.9476737341016851,0.9742634258006201,1.1962029857222771
POSIX_STATS,POSIX_ACCESS4_COUNT,0.9659668450138618,0.9822268893555521,1.2669590464727536
POSIX_STATS,tag,-0.3902172072517341,-0.6199136013508575,1.0027095050102008
POSIX_BYTES_READ,POSIX_BYTES_WRITTEN,-0.4770130444397842,-0.6864497469756558,1.2198703040816374
POSIX_BYTES_READ,POSIX_CONSEC_READS,-0.2807110786307608,-0.5891744400933624,1.1459959502979626
POSIX_BYTES_READ,POSIX_CONSEC_WRITES,-0.6180063171484174,-0.7915140405718293,1.1242799886226669
POSIX_BYTES_READ,POSIX_SEQ_READS,-0.20071586630729887,-0.7264638178877043,1.1567694786495761
POSIX_BYTES_READ,POSIX_SEQ_WRITES,-0.6127598627548668,-0.7703654076365346,1.1179251176097305
POSIX_BYTES_READ,POSIX_RW_SWITCHES,0.3768067132632135,-0.42483370106224305,0.6381348051979128
POSIX_BYTES_READ,POSIX_MEM_NOT_ALIGNED,-0.5776121360052869,-0.729317849501222,1.1853112155493664
POSIX_BYTES_READ,POSIX_FILE_NOT_ALIGNED,-0.5159033466310703,-0.6247778887067224,1.0129508628455302
POSIX_BYTES_READ,POSIX_SIZE_READ_0_100,-0.6226920254355853,-0.8201593812712525,1.1763028363117902
POSIX_BYTES_READ,POSIX_SIZE_READ_100_1K,-0.45217778156306027,-0.6510733232448156,1.1253886536843463
POSIX_BYTES_READ,POSIX_SIZE_READ_1K_10K,-0.4691154739330872,-0.7304954057596683,1.2513846625919323
POSIX_BYTES_READ,POSIX_SIZE_READ_100K_1M,0.9038841345895571,0.9613167092244693,0.8773843168621713
POSIX_BYTES_READ,POSIX_SIZE_WRITE_0_100,-0.6340677675546483,-0.796488572815219,1.059443340383511
POSIX_BYTES_READ,POSIX_SIZE_WRITE_100_1K,-0.7202345450494015,-0.8851361373842895,1.067175077528324
POSIX_BYTES_READ,POSIX_SIZE_WRITE_1K_10K,0.5783853794762055,0.2597056905574371,0.028966557255846404
POSIX_BYTES_READ,POSIX_SIZE_WRITE_10K_100K,0.16702316461641145,0.035677606318284705,0.3068363707956445
POSIX_BYTES_READ,POSIX_SIZE_WRITE_100K_1M,0.5784016305532518,0.2597056905574371,0.044629546753950144
POSIX_BYTES_READ,POSIX_STRIDE1_STRIDE,0.8160684910405416,0.8129768984540456,0.902331178907346
POSIX_BYTES_READ,POSIX_STRIDE2_STRIDE,0.8130942558378961,0.8075650223348273,0.8298118921867892
POSIX_BYTES_READ,POSIX_STRIDE3_STRIDE,0.795928693267654,0.9131538751899452,0.876319177654795
POSIX_BYTES_READ,POSIX_STRIDE4_STRIDE,0.8226922795300615,0.9376504890523325,0.8856343690887809
POSIX_BYTES_READ,POSIX_STRIDE1_COUNT,0.8704019587651385,0.8185033116339879,0.8581457920784312
POSIX_BYTES_READ,POSIX_STRIDE2_COUNT,0.9580677300229166,0.9613023920918791,0.8836693538921168
POSIX_BYTES_READ,POSIX_STRIDE3_COUNT,0.9565523883308262,0.9613023920918791,0.8733089838496539
POSIX_BYTES_READ,POSIX_STRIDE4_COUNT,0.840661731834203,0.9613023920918791,0.8658618203624435
POSIX_BYTES_READ,POSIX_ACCESS1_ACCESS,0.6355065232882497,0.7299927842377744,1.1763571643682065
POSIX_BYTES_READ,POSIX_ACCESS2_ACCESS,0.6256480260683435,0.7583377722107715,0.9931947524736318
POSIX_BYTES_READ,POSIX_ACCESS3_ACCESS,0.47305555699798574,0.6247563121161812,1.0057716169373316
POSIX_BYTES_READ,POSIX_ACCESS4_ACCESS,0.5177065373554793,0.6731878300444704,1.0018580466604385
POSIX_BYTES_READ,POSIX_ACCESS1_COUNT,-0.5891597605908839,-0.7298984255260815,1.120398853630857
POSIX_BYTES_READ,POSIX_ACCESS2_COUNT,-0.5175137394921949,-0.6503214886406018,0.9817644540770427
POSIX_BYTES_READ,POSIX_ACCESS3_COUNT,-0.5228525110564723,-0.7513682543664824,1.0418810208607883
POSIX_BYTES_READ,POSIX_ACCESS4_COUNT,-0.481332250271781,-0.7341701389178285,1.1705183960334429
POSIX_BYTES_READ,tag,0.8930457112003667,0.6760261261267194,0.9779412520841546
POSIX_BYTES_WRITTEN,POSIX_CONSEC_READS,0.6803618039096343,0.5120462520494667,1.293740842268283
POSIX_BYTES_WRITTEN,POSIX_CONSEC_WRITES,0.9429817884884264,0.8962782856225897,1.599363759538532
POSIX_BYTES_WRITTEN,POSIX_SEQ_READS,0.7255879897745926,0.8366740534333215,1.260315088711855
POSIX_BYTES_WRITTEN,POSIX_SEQ_WRITES,0.9441140819918821,0.9040159991071737,1.5395353072741975
POSIX_BYTES_WRITTEN,POSIX_RW_SWITCHES,0.5131327031292054,0.7998686448908153,0.6969055749183402
POSIX_BYTES_WRITTEN,POSIX_MEM_NOT_ALIGNED,0.9262064286504155,0.8368996664919398,1.2870057515241689
POSIX_BYTES_WRITTEN,POSIX_FILE_NOT_ALIGNED,0.7870385103173599,0.5754375630153467,1.3686204596636877
POSIX_BYTES_WRITTEN,POSIX_SIZE_READ_0_100,0.9179170381895363,0.8048173084811264,1.16421401197284
POSIX_BYTES_WRITTEN,POSIX_SIZE_READ_100_1K,0.6416887588215906,0.72669228943613,1.1621865644207219
POSIX_BYTES_WRITTEN,POSIX_SIZE_READ_1K_10K,0.8497918053191239,0.8107415943440252,1.1530639823536855
POSIX_BYTES_WRITTEN,POSIX_SIZE_READ_100K_1M,-0.7621223925629806,-0.7260005447989043,0.8336880850559147
POSIX_BYTES_WRITTEN,POSIX_SIZE_WRITE_0_100,0.928086676428832,0.8731474612697369,1.3043293299608303
POSIX_BYTES_WRITTEN,POSIX_SIZE_WRITE_100_1K,0.8676313894840189,0.8811244483903818,1.5864193256151535
POSIX_BYTES_WRITTEN,POSIX_SIZE_WRITE_1K_10K,0.2681096120270833,0.2592813782671751,0.10375993939821093
POSIX_BYTES_WRITTEN,POSIX_SIZE_WRITE_10K_100K,0.4754386041960386,0.5765743751034121,0.3118953521143939
POSIX_BYTES_WRITTEN,POSIX_SIZE_WRITE_100K_1M,0.26812921104019316,0.2592813782671751,0.0
POSIX_BYTES_WRITTEN,POSIX_STRIDE1_STRIDE,-0.6488016833861943,-0.38902560128209207,0.82824405252518
POSIX_BYTES_WRITTEN,POSIX_STRIDE2_STRIDE,-0.664114457289405,-0.38962593840309756,0.7935559493916444
POSIX_BYTES_WRITTEN,POSIX_STRIDE3_STRIDE,-0.7600631816742393,-0.8330892521935154,0.9291813196933338
POSIX_BYTES_WRITTEN,POSIX_STRIDE4_STRIDE,-0.7459112695247077,-0.7791303800078965,0.8486988415654082
POSIX_BYTES_WRITTEN,POSIX_STRIDE1_COUNT,-0.6465313143480454,-0.3883109142332759,0.8641528132161032
POSIX_BYTES_WRITTEN,POSIX_STRIDE2_COUNT,-0.514150214776735,-0.7260148385398806,0.8139241679556961
POSIX_BYTES_WRITTEN,POSIX_STRIDE3_COUNT,-0.507700425362838,-0.7260148385398806,0.7965764921534002
POSIX_BYTES_WRITTEN,POSIX_STRIDE4_COUNT,-0.34000870279049383,-0.7260148385398806,0.8017149119198321
POSIX_BYTES_WRITTEN,POSIX_ACCESS1_ACCESS,-0.9646052053168229,-0.9021509986618633,1.172212671116906
POSIX_BYTES_WRITTEN,POSIX_ACCESS2_ACCESS,-0.9189527439448064,-0.812729092989791,1.1127553993112307
POSIX_BYTES_WRITTEN,POSIX_ACCESS3_ACCESS,-0.8711395588724979,-0.7848610820772868,1.0991503124511879
POSIX_BYTES_WRITTEN,POSIX_ACCESS4_ACCESS,0.12553208505623725,-0.2549314549004396,1.0234008515259736
POSIX_BYTES_WRITTEN,POSIX_ACCESS1_COUNT,0.6825113559861112,0.5589289632114853,1.2984242901217677
POSIX_BYTES_WRITTEN,POSIX_ACCESS2_COUNT,0.6450041648764234,0.5555757553549301,1.2117893391924917
POSIX_BYTES_WRITTEN,POSIX_ACCESS3_COUNT,0.8424430765411087,0.8539194186170518,1.0049182999064978
POSIX_BYTES_WRITTEN,POSIX_ACCESS4_COUNT,0.8596720433929655,0.8559877677912918,1.1673086054111168
POSIX_BYTES_WRITTEN,tag,-0.3355341924349502,-0.3035963627933965,0.9733049782839793
POSIX_CONSEC_READS,POSIX_CONSEC_WRITES,0.8191459194016467,0.799301521539828,1.1226443016893444
POSIX_CONSEC_READS,POSIX_SEQ_READS,0.9861336201085206,0.8627101498145382,1.762969993902505
POSIX_CONSEC_READS,POSIX_SEQ_WRITES,0.8207487499621794,0.8033141414655508,1.2470276922123102
POSIX_CONSEC_READS,POSIX_RW_SWITCHES,0.05951640292317304,0.08127302639546803,0.6443355297988758
POSIX_CONSEC_READS,POSIX_MEM_NOT_ALIGNED,0.8674873767970006,0.8615186633104243,1.5305868082245708
POSIX_CONSEC_READS,POSIX_FILE_NOT_ALIGNED,0.9213012025471522,0.9521452377174031,1.2415326608678106
POSIX_CONSEC_READS,POSIX_SIZE_READ_0_100,0.8356840844927614,0.836788554288397,1.4729591366681318
POSIX_CONSEC_READS,POSIX_SIZE_READ_100_1K,0.7067689360653147,0.6136624115166327,1.2612780725969688
POSIX_CONSEC_READS,POSIX_SIZE_READ_1K_10K,0.9009823709002212,0.8315543180422577,1.3104733848815475
POSIX_CONSEC_READS,POSIX_SIZE_READ_100K_1M,-0.5858680359392471,-0.6804169089977121,0.8486959652953372
POSIX_CONSEC_READS,POSIX_SIZE_WRITE_0_100,0.8314047341885809,0.814197685921621,1.1940026049333587
POSIX_CONSEC_READS,POSIX_SIZE_WRITE_100_1K,0.7678315698197815,0.7248462849896496,1.1785818280083977
POSIX_CONSEC_READS,POSIX_SIZE_WRITE_1K_10K,0.38738362086861183,0.25445998650392837,0.022532711162075003
POSIX_CONSEC_READS,POSIX_SIZE_WRITE_10K_100K,-0.09062455714729176,-0.18935001803337717,0.5062252836072934
POSIX_CONSEC_READS,POSIX_SIZE_WRITE_100K_1M,0.3873164659869461,0.25445998650392837,0.06226318265508013
POSIX_CONSEC_READS,POSIX_STRIDE1_STRIDE,-0.7629783843658764,-0.8328948957377226,0.940815355516833
POSIX_CONSEC_READS,POSIX_STRIDE2_STRIDE,-0.7689353203073731,-0.8422153811243657,0.8433006449756903
POSIX_CONSEC_READS,POSIX_STRIDE3_STRIDE,-0.7891739548613849,-0.7938948923687285,0.8848197214504392
POSIX_CONSEC_READS,POSIX_STRIDE4_STRIDE,-0.7615042463017776,-0.7359103058619638,0.8635112308553459
POSIX_CONSEC_READS,POSIX_STRIDE1_COUNT,-0.7009799201301636,-0.8232307979865953,0.8287437818860237
POSIX_CONSEC_READS,POSIX_STRIDE2_COUNT,-0.37395324142392156,-0.6804598605432727,0.8466437385363572
POSIX_CONSEC_READS,POSIX_STRIDE3_COUNT,-0.35285015818707677,-0.6804598605432727,0.8828301415782138
POSIX_CONSEC_READS,POSIX_STRIDE4_COUNT,-0.2686906276274342,-0.6804598605432727,0.8156185437767141
POSIX_CONSEC_READS,POSIX_ACCESS1_ACCESS,-0.6442405197856866,-0.4963367227839696,1.1789732516169984
POSIX_CONSEC_READS,POSIX_ACCESS2_ACCESS,-0.7106474788994515,-0.679953273759415,1.0826301329914432
POSIX_CONSEC_READS,POSIX_ACCESS3_ACCESS,-0.6868994508983124,-0.6430001872710939,1.086442649265718
POSIX_CONSEC_READS,POSIX_ACCESS4_ACCESS,-0.21135967029688904,-0.7194148753865103,0.9745501881275414
POSIX_CONSEC_READS,POSIX_ACCESS1_COUNT,0.8218766727277826,0.8897231121204325,1.2451043335356453
POSIX_CONSEC_READS,POSIX_ACCESS2_COUNT,0.8175275914137681,0.8865752160765967,1.1194409621800854
POSIX_CONSEC_READS,POSIX_ACCESS3_COUNT,0.9260137959423045,0.8458161655730295,1.2691668013698374
POSIX_CONSEC_READS,POSIX_ACCESS4_COUNT,0.9360703529267396,0.850886800485679,1.3517743604844026
POSIX_CONSEC_READS,tag,-0.40198064171411185,-0.759162453675239,1.027179722571202
POSIX_CONSEC_WRITES,POSIX_SEQ_READS,0.8175230375652212,0.941186113091499,1.1782431394307018
POSIX_CONSEC_WRITES,POSIX_SEQ_WRITES,0.9999471274048215,0.9971187289478558,1.8739348480279718
POSIX_CONSEC_WRITES,POSIX_RW_SWITCHES,0.2220276749622994,0.550385204246133,0.6285885830429301
POSIX_CONSEC_WRITES,POSIX_MEM_NOT_ALIGNED,0.9838695851187306,0.9429103330693889,1.1490656805268094
POSIX_CONSEC_WRITES,POSIX_FILE_NOT_ALIGNED,0.9319708101663071,0.8525200831452503,1.5925459647291047
POSIX_CONSEC_WRITES,POSIX_SIZE_READ_0_100,0.9753954851831964,0.9389764971454886,1.2133184210162309
POSIX_CONSEC_WRITES,POSIX_SIZE_READ_100_1K,0.7270663550561212,0.7911806087999614,1.1035359142967813
POSIX_CONSEC_WRITES,POSIX_SIZE_READ_1K_10K,0.9318600236143566,0.9091970479313738,1.1620731166073974
POSIX_CONSEC_WRITES,POSIX_SIZE_READ_100K_1M,-0.8675991572023191,-0.8575361374770621,0.8317194413112405
POSIX_CONSEC_WRITES,POSIX_SIZE_WRITE_0_100,0.9980149516696403,0.9867873141751675,1.639730598929036
POSIX_CONSEC_WRITES,POSIX_SIZE_WRITE_100_1K,0.9719095972182696,0.9648002305259684,1.4935789049298074
POSIX_CONSEC_WRITES,POSIX_SIZE_WRITE_1K_10K,0.15908259855769974,0.16469164745717313,0.006156275648974585
POSIX_CONSEC_WRITES,POSIX_SIZE_WRITE_10K_100K,0.18602511556215673,0.2154331950790996,0.2575991114556744
POSIX_CONSEC_WRITES,POSIX_SIZE_WRITE_100K_1M,0.15905843305382145,0.16469164745717313,0.07678288829812319
POSIX_CONSEC_WRITES,POSIX_STRIDE1_STRIDE,-0.8513902637488074,-0.7142024732444465,0.8292475537156023
POSIX_CONSEC_WRITES,POSIX_STRIDE2_STRIDE,-0.861482426080428,-0.7156033607576404,0.9255375887562192
POSIX_CONSEC_WRITES,POSIX_STRIDE3_STRIDE,-0.9186038100947017,-0.9432475816516672,0.7864610470630935
POSIX_CONSEC_WRITES,POSIX_STRIDE4_STRIDE,-0.9064234470857112,-0.8900281509208376,0.8044188055767374
POSIX_CONSEC_WRITES,POSIX_STRIDE1_COUNT,-0.8392747268230403,-0.7099426316226933,0.858154746504233
POSIX_CONSEC_WRITES,POSIX_STRIDE2_COUNT,-0.661048255802321,-0.8578935067406323,0.908828039945921
POSIX_CONSEC_WRITES,POSIX_STRIDE3_COUNT,-0.648987694017821,-0.8578935067406323,0.8821256069275107
POSIX_CONSEC_WRITES,POSIX_STRIDE4_COUNT,-0.4960923888953198,-0.8578935067406323,0.7967595852545752
POSIX_CONSEC_WRITES,POSIX_ACCESS1_ACCESS,-0.9400337106907867,-0.8235620294981636,1.157227201009234
POSIX_CONSEC_WRITES,POSIX_ACCESS2_ACCESS,-0.9292757524738748,-0.8554008577694258,1.1122474180030384
POSIX_CONSEC_WRITES,POSIX_ACCESS3_ACCESS,-0.864364703838651,-0.7956037740722545,1.0563965565324183
POSIX_CONSEC_WRITES,POSIX_ACCESS4_ACCESS,-0.14353820774271148,-0.5718158719760199,0.934724437211224
POSIX_CONSEC_WRITES,POSIX_ACCESS1_COUNT,0.8640113705174625,0.8295696364856837,1.3355451714113584
POSIX_CONSEC_WRITES,POSIX_ACCESS2_COUNT,0.8316247521898713,0.8235072169668562,1.2609570930080556
POSIX_CONSEC_WRITES,POSIX_ACCESS3_COUNT,0.9547821388854307,0.9563812448226201,1.1592695004569669
POSIX_CONSEC_WRITES,POSIX_ACCESS4_COUNT,0.9553963833023891,0.9589707746088953,1.2131851163823006
POSIX_CONSEC_WRITES,tag,-0.5581291103691268,-0.6150447403469026,1.0542910901516835
POSIX_SEQ_READS,POSIX_SEQ_WRITES,0.8197232293527084,0.9451987330172219,1.2024121784997637
POSIX_SEQ_READS,POSIX_RW_SWITCHES,0.193729819263677,0.4150540344081464,0.6879409088440691
POSIX_SEQ_READS,POSIX_MEM_NOT_ALIGNED,0.8701081259892722,0.9988094582927547,1.5152779246565529
POSIX_SEQ_READS,POSIX_FILE_NOT_ALIGNED,0.8885597540580383,0.815070293336975,1.2833213450949796
POSIX_SEQ_READS,POSIX_SIZE_READ_0_100,0.843384547298476,0.9740798216764764,1.464962025868084
POSIX_SEQ_READS,POSIX_SIZE_READ_100_1K,0.7033528163475099,0.7606033229471599,1.37290675681664
POSIX_SEQ_READS,POSIX_SIZE_READ_1K_10K,0.8880879186640225,0.9688517271488714,1.3219065660077844
POSIX_SEQ_READS,POSIX_SIZE_READ_100K_1M,-0.5486102085848417,-0.8232307979865953,0.911680236779985
POSIX_SEQ_READS,POSIX_SIZE_WRITE_0_100,0.8234204706985483,0.9560822774732921,1.2099831608655438
POSIX_SEQ_READS,POSIX_SIZE_WRITE_100_1K,0.7441646316016984,0.8763512102367895,1.1415239685796874
POSIX_SEQ_READS,POSIX_SIZE_WRITE_1K_10K,0.4426673361519944,0.25445998650392837,0.0
POSIX_SEQ_READS,POSIX_SIZE_WRITE_10K_100K,0.05980151954058951,0.24152899274525055,0.41791413738094496
POSIX_SEQ_READS,POSIX_SIZE_WRITE_100K_1M,0.44263629408476823,0.25445998650392837,0.0
POSIX_SEQ_READS,POSIX_STRIDE1_STRIDE,-0.683005333176236,-0.6850699931001067,0.9224926095516848
POSIX_SEQ_READS,POSIX_STRIDE2_STRIDE,-0.6915306852174183,-0.6893794648380169,0.8752816662823406
POSIX_SEQ_READS,POSIX_STRIDE3_STRIDE,-0.7301343949990249,-0.9367087813576116,0.8900697866833367
POSIX_SEQ_READS,POSIX_STRIDE4_STRIDE,-0.7014991512823683,-0.878724194850847,0.9351722147476247
POSIX_SEQ_READS,POSIX_STRIDE1_COUNT,-0.6250776539616253,-0.6804169089977121,0.8959214725142934
POSIX_SEQ_READS,POSIX_STRIDE2_COUNT,-0.31397457493250436,-0.8232737495321558,0.8637054183548805
POSIX_SEQ_READS,POSIX_STRIDE3_COUNT,-0.2951112498987944,-0.8232737495321558,0.8110456244474178
POSIX_SEQ_READS,POSIX_STRIDE4_COUNT,-0.19981628541973334,-0.8232737495321558,0.8838896732277477
POSIX_SEQ_READS,POSIX_ACCESS1_ACCESS,-0.6712392390108339,-0.8411681077831045,1.251713486924276
POSIX_SEQ_READS,POSIX_ACCESS2_ACCESS,-0.7296349444227972,-0.9288395900520284,1.1137515033606484
POSIX_SEQ_READS,POSIX_ACCESS3_ACCESS,-0.7148323132746851,-0.8331901228513863,1.1688542790572503
POSIX_SEQ_READS,POSIX_ACCESS4_ACCESS,-0.09806323070816717,-0.5651033265022029,0.9766264074849147
POSIX_SEQ_READS,POSIX_ACCESS1_COUNT,0.7673994543380488,0.752431844732353,1.1860568307026664
POSIX_SEQ_READS,POSIX_ACCESS2_COUNT,0.7586531226330286,0.7446896511626085,1.202091719667981
POSIX_SEQ_READS,POSIX_ACCESS3_COUNT,0.9153214788107831,0.9829075691703674,1.190602299210624
POSIX_SEQ_READS,POSIX_ACCESS4_COUNT,0.933342531768396,0.98799137572628,1.2712405158084659
POSIX_SEQ_READS,tag,-0.3131009854928764,-0.6264642137491045,0.8935608929441095
POSIX_SEQ_WRITES,POSIX_RW_SWITCHES,0.22732380083331943,0.5663848687670247,0.5670490610536869
POSIX_SEQ_WRITES,POSIX_MEM_NOT_ALIGNED,0.9842394222603905,0.9471428517070927,1.2013732291315895
POSIX_SEQ_WRITES,POSIX_FILE_NOT_ALIGNED,0.9323688871800608,0.8567733880317489,1.54006123233163
POSIX_SEQ_WRITES,POSIX_SIZE_READ_0_100,0.9749677765446865,0.9318718878430807,1.1990322775563769
POSIX_SEQ_WRITES,POSIX_SIZE_READ_100_1K,0.7269825148184968,0.7853671465028106,1.0635874121433084
POSIX_SEQ_WRITES,POSIX_SIZE_READ_1K_10K,0.9331637900045906,0.9150307840345021,1.2053395066106494
POSIX_SEQ_WRITES,POSIX_SIZE_READ_100K_1M,-0.8641560419025537,-0.8352362954303004,0.8692552698702722
POSIX_SEQ_WRITES,POSIX_SIZE_WRITE_0_100,0.9979044541988695,0.9825751703036997,1.66073687221632
POSIX_SEQ_WRITES,POSIX_SIZE_WRITE_100_1K,0.9705444749490073,0.9578714121294495,1.5254823670236621
POSIX_SEQ_WRITES,POSIX_SIZE_WRITE_1K_10K,0.16647101237191442,0.21707549676885232,0.04662076042995933
POSIX_SEQ_WRITES,POSIX_SIZE_WRITE_10K_100K,0.18783079784294734,0.2369434219303154,0.25450238749514
POSIX_SEQ_WRITES,POSIX_SIZE_WRITE_100K_1M,0.166466233857369,0.21707549676885232,0.0
POSIX_SEQ_WRITES,POSIX_STRIDE1_STRIDE,-0.848789665075398,-0.6916167357868287,0.8451311504040793
POSIX_SEQ_WRITES,POSIX_STRIDE2_STRIDE,-0.8590432247323212,-0.6950188911760142,0.818964090853421
POSIX_SEQ_WRITES,POSIX_STRIDE3_STRIDE,-0.9167546495829315,-0.936957882612837,0.8713241367206472
POSIX_SEQ_WRITES,POSIX_STRIDE4_STRIDE,-0.9045594006997496,-0.8840243472928633,0.8378324061588756
POSIX_SEQ_WRITES,POSIX_STRIDE1_COUNT,-0.8363515449110722,-0.6876427895759315,0.8070394369565914
POSIX_SEQ_WRITES,POSIX_STRIDE2_COUNT,-0.6552809387064912,-0.8353077692830144,0.9020811622001816
POSIX_SEQ_WRITES,POSIX_STRIDE3_COUNT,-0.6431060378501375,-0.8353077692830144,0.8426260831986783
POSIX_SEQ_WRITES,POSIX_STRIDE4_COUNT,-0.48739293912994575,-0.8353077692830144,0.868948800261061
POSIX_SEQ_WRITES,POSIX_ACCESS1_ACCESS,-0.9402676954657785,-0.8268914428246792,1.1249970723205238
POSIX_SEQ_WRITES,POSIX_ACCESS2_ACCESS,-0.9282459405002705,-0.8474186329151047,1.0394072083737074
POSIX_SEQ_WRITES,POSIX_ACCESS3_ACCESS,-0.865253879920583,-0.8014687996927513,0.994361366745709
POSIX_SEQ_WRITES,POSIX_ACCESS4_ACCESS,-0.13897028411583887,-0.5518931456963738,0.9990706963434461
POSIX_SEQ_WRITES,POSIX_ACCESS1_COUNT,0.8630019583816562,0.8258112019707735,1.2885041109707296
POSIX_SEQ_WRITES,POSIX_ACCESS2_COUNT,0.8312416438344534,0.819857581930274,1.2540856078245155
POSIX_SEQ_WRITES,POSIX_ACCESS3_COUNT,0.9552576311578236,0.9600107100686935,1.0672322805436045
POSIX_SEQ_WRITES,POSIX_ACCESS4_COUNT,0.9560587956408894,0.9628132997865668,1.2620690219580972
POSIX_SEQ_WRITES,tag,-0.5523844678794115,-0.5930378401540205,1.058215623951217
POSIX_RW_SWITCHES,POSIX_MEM_NOT_ALIGNED,0.22114574501965112,0.41400541217035686,0.6604794184357874
POSIX_RW_SWITCHES,POSIX_FILE_NOT_ALIGNED,0.02694972818182753,0.21985296898875176,0.5107785956071305
POSIX_RW_SWITCHES,POSIX_SIZE_READ_0_100,0.18310469557731207,0.3592971602404607,0.7319609081899101
POSIX_RW_SWITCHES,POSIX_SIZE_READ_100_1K,0.06769709609176475,0.4429397935419676,0.6901859072513508
POSIX_RW_SWITCHES,POSIX_SIZE_READ_1K_10K,0.18251471699376468,0.3988515464160106,0.6345101131208721
POSIX_RW_SWITCHES,POSIX_SIZE_READ_100K_1M,0.11900236339494194,-0.365957985847802,0.43609421114826974
POSIX_RW_SWITCHES,POSIX_SIZE_WRITE_0_100,0.18408969937487515,0.4804782265073443,0.5724045389360852
POSIX_RW_SWITCHES,POSIX_SIZE_WRITE_100_1K,0.04682988768545867,0.6083413669306474,0.6314909850744157
POSIX_RW_SWITCHES,POSIX_SIZE_WRITE_1K_10K,0.6637852718717288,0.3076062426001393,0.03635411756199591
POSIX_RW_SWITCHES,POSIX_SIZE_WRITE_10K_100K,0.8321589449160389,0.6858029032054466,0.37566940436882357
POSIX_RW_SWITCHES,POSIX_SIZE_WRITE_100K_1M,0.6638271745847615,0.3076062426001393,0.0
POSIX_RW_SWITCHES,POSIX_STRIDE1_STRIDE,0.293717685695449,-0.019357338377019345,0.49359267559148456
POSIX_RW_SWITCHES,POSIX_STRIDE2_STRIDE,0.273837802478166,-0.019832157014388195,0.4856451899179919
POSIX_RW_SWITCHES,POSIX_STRIDE3_STRIDE,0.14017843700122953,-0.4738774789983505,0.39835567693414164
POSIX_RW_SWITCHES,POSIX_STRIDE4_STRIDE,0.16840756608391186,-0.4194259559772299,0.5564719494063919
POSIX_RW_SWITCHES,POSIX_STRIDE1_COUNT,0.3112110569673191,-0.018746857271830824,0.4592018899734853
POSIX_RW_SWITCHES,POSIX_STRIDE2_COUNT,0.3819605929521961,-0.3659749436562794,0.5036487998344672
POSIX_RW_SWITCHES,POSIX_STRIDE3_COUNT,0.37721822593084753,-0.3659749436562794,0.48357374594241476
POSIX_RW_SWITCHES,POSIX_STRIDE4_COUNT,0.44567064850361343,-0.3659749436562794,0.6019508897467185
POSIX_RW_SWITCHES,POSIX_ACCESS1_ACCESS,-0.3596249957588215,-0.6107006149569756,0.773096994649394
POSIX_RW_SWITCHES,POSIX_ACCESS2_ACCESS,-0.26193209764066827,-0.3802304369943691,0.7438680697260962
POSIX_RW_SWITCHES,POSIX_ACCESS3_ACCESS,-0.3549964669154141,-0.5496297479070049,0.685527651649706
POSIX_RW_SWITCHES,POSIX_ACCESS4_ACCESS,0.7850438827251391,0.10816136851680602,0.6410723886079013
POSIX_RW_SWITCHES,POSIX_ACCESS1_COUNT,-0.12979067152077506,0.2811777413714821,0.7145759575848027
POSIX_RW_SWITCHES,POSIX_ACCESS2_COUNT,-0.11928761482610986,0.27883228202669985,0.5756627242667036
POSIX_RW_SWITCHES,POSIX_ACCESS3_COUNT,0.09991238447203969,0.4561591399270662,0.6031876516030592
POSIX_RW_SWITCHES,POSIX_ACCESS4_COUNT,0.15776640397120886,0.4576518767839987,0.576464866297637
POSIX_RW_SWITCHES,tag,0.5914572897708886,0.10337630793893077,0.7006261793481958
POSIX_MEM_NOT_ALIGNED,POSIX_FILE_NOT_ALIGNED,0.9186875437835368,0.8169929035976979,1.0690070759483623
POSIX_MEM_NOT_ALIGNED,POSIX_SIZE_READ_0_100,0.9907447287546262,0.9755213835258923,1.435576105744884
POSIX_MEM_NOT_ALIGNED,POSIX_SIZE_READ_100_1K,0.7308860109794373,0.7620745352062199,1.2048899845934982
POSIX_MEM_NOT_ALIGNED,POSIX_SIZE_READ_1K_10K,0.9597266524309536,0.9666044992772472,1.2949340325919105
POSIX_MEM_NOT_ALIGNED,POSIX_SIZE_READ_100K_1M,-0.8521321830860105,-0.8255129108503694,0.8580822823236844
POSIX_MEM_NOT_ALIGNED,POSIX_SIZE_WRITE_0_100,0.9869008206780435,0.9579096645403428,1.0686554550143232
POSIX_MEM_NOT_ALIGNED,POSIX_SIZE_WRITE_100_1K,0.9326765844196679,0.8782811263885909,1.1444728657372165
POSIX_MEM_NOT_ALIGNED,POSIX_SIZE_WRITE_1K_10K,0.19790329597535183,0.24905611497073324,0.0
POSIX_MEM_NOT_ALIGNED,POSIX_SIZE_WRITE_10K_100K,0.17576861977724637,0.24162535422707476,0.3779382666392368
POSIX_MEM_NOT_ALIGNED,POSIX_SIZE_WRITE_100K_1M,0.19791857894263315,0.24905611497073324,0.0
POSIX_MEM_NOT_ALIGNED,POSIX_STRIDE1_STRIDE,-0.8513509654235315,-0.6869932231637781,0.9367566599588479
POSIX_MEM_NOT_ALIGNED,POSIX_STRIDE2_STRIDE,-0.8617326148896348,-0.6914029455211393,0.8029445103689086
POSIX_MEM_NOT_ALIGNED,POSIX_STRIDE3_STRIDE,-0.9188503524345867,-0.9373022360655532,0.8041669948526047
POSIX_MEM_NOT_ALIGNED,POSIX_STRIDE4_STRIDE,-0.9051599399931135,-0.8818227745890116,0.7977126731587125
POSIX_MEM_NOT_ALIGNED,POSIX_STRIDE1_COUNT,-0.8345020401049311,-0.682698039049465,0.8681822622197632
POSIX_MEM_NOT_ALIGNED,POSIX_STRIDE2_COUNT,-0.6356476316920977,-0.8254985935699882,0.8531872354335186
POSIX_MEM_NOT_ALIGNED,POSIX_STRIDE3_COUNT,-0.622480849973529,-0.8254985935699882,0.8795661092511353
POSIX_MEM_NOT_ALIGNED,POSIX_STRIDE4_COUNT,-0.46579930638092376,-0.8254985935699882,0.9513126081716705
POSIX_MEM_NOT_ALIGNED,POSIX_ACCESS1_ACCESS,-0.9277789431865362,-0.841421928780215,1.220175743299936
POSIX_MEM_NOT_ALIGNED,POSIX_ACCESS2_ACCESS,-0.9417489906782425,-0.9282522409037409,1.105452627478266
POSIX_MEM_NOT_ALIGNED,POSIX_ACCESS3_ACCESS,-0.8609277919435866,-0.8305338671030118,1.1692466295546897
POSIX_MEM_NOT_ALIGNED,POSIX_ACCESS4_ACCESS,-0.12628574006229176,-0.5658873704823678,1.0872210273959093
POSIX_MEM_NOT_ALIGNED,POSIX_ACCESS1_COUNT,0.8228183906220888,0.7539716675715009,1.2010435983550996
POSIX_MEM_NOT_ALIGNED,POSIX_ACCESS2_COUNT,0.7810446312656883,0.7446879049249113,1.0891379656511717
POSIX_MEM_NOT_ALIGNED,POSIX_ACCESS3_COUNT,0.9591276343180781,0.983790487409567,1.1537608889346849
POSIX_MEM_NOT_ALIGNED,POSIX_ACCESS4_COUNT,0.9665420331266231,0.988307435422142,1.2983108284576688
POSIX_MEM_NOT_ALIGNED,tag,-0.5387366192317571,-0.6269697614409431,1.0491322636986298
POSIX_FILE_NOT_ALIGNED,POSIX_SIZE_READ_0_100,0.8928819073761054,0.7974065067520564,1.1893407672635479
POSIX_FILE_NOT_ALIGNED,POSIX_SIZE_READ_100_1K,0.7431582632110316,0.6401405363515251,1.0598790610925874
POSIX_FILE_NOT_ALIGNED,POSIX_SIZE_READ_1K_10K,0.9138036041406442,0.7853899135307066,1.1296522302337384
POSIX_FILE_NOT_ALIGNED,POSIX_SIZE_READ_100K_1M,-0.7535577793031342,-0.6872139464596476,0.7801993947937702
POSIX_FILE_NOT_ALIGNED,POSIX_SIZE_WRITE_0_100,0.9361601685706002,0.8409401175832995,1.3795803153779342
POSIX_FILE_NOT_ALIGNED,POSIX_SIZE_WRITE_100_1K,0.9349700708304973,0.7995033203634706,1.4868408304833647
POSIX_FILE_NOT_ALIGNED,POSIX_SIZE_WRITE_1K_10K,0.2265578527929189,0.23551566998614545,0.004135270787726242
POSIX_FILE_NOT_ALIGNED,POSIX_SIZE_WRITE_10K_100K,-0.07612168691513359,-0.19433662643656108,0.34389875971086514
POSIX_FILE_NOT_ALIGNED,POSIX_SIZE_WRITE_100K_1M,0.2265551378241114,0.23551566998614545,0.0
POSIX_FILE_NOT_ALIGNED,POSIX_STRIDE1_STRIDE,-0.8747481411322892,-0.8390387043946842,0.7921313823174865
POSIX_FILE_NOT_ALIGNED,POSIX_STRIDE2_STRIDE,-0.8806177822216127,-0.8480444098366458,0.7762432382176954
POSIX_FILE_NOT_ALIGNED,POSIX_STRIDE3_STRIDE,-0.9022352023554951,-0.7947963895647304,0.8316914324496198
POSIX_FILE_NOT_ALIGNED,POSIX_STRIDE4_STRIDE,-0.8844116867202083,-0.7401760713207068,0.8009147197520714
POSIX_FILE_NOT_ALIGNED,POSIX_STRIDE1_COUNT,-0.8348030310932091,-0.8298042826240379,0.7751824682120576
POSIX_FILE_NOT_ALIGNED,POSIX_STRIDE2_COUNT,-0.5641745693052028,-0.6872425360007332,0.8285996082452938
POSIX_FILE_NOT_ALIGNED,POSIX_STRIDE3_COUNT,-0.5453445586725406,-0.6872425360007332,0.8480110485312129
POSIX_FILE_NOT_ALIGNED,POSIX_STRIDE4_COUNT,-0.42658152985774367,-0.6872425360007332,0.8168208334183671
POSIX_FILE_NOT_ALIGNED,POSIX_ACCESS1_ACCESS,-0.7733622766179217,-0.48321894325293596,1.0948716304382522
POSIX_FILE_NOT_ALIGNED,POSIX_ACCESS2_ACCESS,-0.7710483385070339,-0.6001144178041519,1.098309310912787
POSIX_FILE_NOT_ALIGNED,POSIX_ACCESS3_ACCESS,-0.7442209880515301,-0.6106013617011236,0.9962718241083097
POSIX_FILE_NOT_ALIGNED,POSIX_ACCESS4_ACCESS,-0.283804809935966,-0.6993611244414766,0.934034827546983
POSIX_FILE_NOT_ALIGNED,POSIX_ACCESS1_COUNT,0.9635317586998349,0.962564624548937,1.42197335651684
POSIX_FILE_NOT_ALIGNED,POSIX_ACCESS2_COUNT,0.9550092468730715,0.9571716700735634,1.3532139002885843
POSIX_FILE_NOT_ALIGNED,POSIX_ACCESS3_COUNT,0.9710854700986331,0.8293979881603746,1.1090873808316584
POSIX_FILE_NOT_ALIGNED,POSIX_ACCESS4_COUNT,0.9616935251388036,0.8327438225223942,1.2474874417312232
POSIX_FILE_NOT_ALIGNED,tag,-0.5463694035669692,-0.7228336392508152,0.9330973614692786
POSIX_SIZE_READ_0_100,POSIX_SIZE_READ_100_1K,0.7318066491941125,0.770845525288933,1.385144673956685
POSIX_SIZE_READ_0_100,POSIX_SIZE_READ_1K_10K,0.9262699045339542,0.9384391988935938,1.2732907927490436
POSIX_SIZE_READ_0_100,POSIX_SIZE_READ_100K_1M,-0.8887219985006745,-0.9131736021238629,0.8191057020821151
POSIX_SIZE_READ_0_100,POSIX_SIZE_WRITE_0_100,0.9774763282212613,0.964962601963386,1.1687807579772258
POSIX_SIZE_READ_0_100,POSIX_SIZE_WRITE_100_1K,0.9378960041963119,0.9069776223486359,1.232777400477497
POSIX_SIZE_READ_0_100,POSIX_SIZE_WRITE_1K_10K,0.09000679091878586,0.04239718641579401,0.12729027845664698
POSIX_SIZE_READ_0_100,POSIX_SIZE_WRITE_10K_100K,0.2117275342000034,0.15760391120898817,0.25747423223184374
POSIX_SIZE_READ_0_100,POSIX_SIZE_WRITE_100K_1M,0.09001374159654477,0.04239718641579401,0.0
POSIX_SIZE_READ_0_100,POSIX_STRIDE1_STRIDE,-0.8514349340063594,-0.7708092347931748,0.8830058715121534
POSIX_SIZE_READ_0_100,POSIX_STRIDE2_STRIDE,-0.8610334396759333,-0.77126023067701,0.8800602528581072
POSIX_SIZE_READ_0_100,POSIX_STRIDE3_STRIDE,-0.9160353691019381,-0.9613227817219024,0.9804783432017663
POSIX_SIZE_READ_0_100,POSIX_STRIDE4_STRIDE,-0.9083183375191365,-0.9372481919228828,0.9233239750836946
POSIX_SIZE_READ_0_100,POSIX_STRIDE1_COUNT,-0.8485122355706641,-0.7703582389093393,1.0247029768897629
POSIX_SIZE_READ_0_100,POSIX_STRIDE2_COUNT,-0.7007541797930918,-0.9131736021238629,0.8932589869563068
POSIX_SIZE_READ_0_100,POSIX_STRIDE3_COUNT,-0.6901735833245183,-0.9131736021238629,0.9298952370894287
POSIX_SIZE_READ_0_100,POSIX_STRIDE4_COUNT,-0.5307080040537764,-0.9131736021238629,0.8883240863251447
POSIX_SIZE_READ_0_100,POSIX_ACCESS1_ACCESS,-0.9354876943050445,-0.840074421460064,1.2530166233623925
POSIX_SIZE_READ_0_100,POSIX_ACCESS2_ACCESS,-0.9560036861743528,-0.9404962114704138,1.149495396643779
POSIX_SIZE_READ_0_100,POSIX_ACCESS3_ACCESS,-0.8555227069492995,-0.8032495182885339,1.1168447123548184
POSIX_SIZE_READ_0_100,POSIX_ACCESS4_ACCESS,-0.16382644051298773,-0.6676466339619366,1.124237319907778
POSIX_SIZE_READ_0_100,POSIX_ACCESS1_COUNT,0.8074455822881681,0.7684880600096345,1.214042410982974
POSIX_SIZE_READ_0_100,POSIX_ACCESS2_COUNT,0.7515768744709382,0.7460303206373142,1.0933368654511797
POSIX_SIZE_READ_0_100,POSIX_ACCESS3_COUNT,0.9474133744028498,0.9674767347968877,1.1448691900051664
POSIX_SIZE_READ_0_100,POSIX_ACCESS4_COUNT,0.9514970021635175,0.9652639719799944,1.2212825061273545
POSIX_SIZE_READ_0_100,tag,-0.5962727380286235,-0.7088729612119559,1.088899509228471
POSIX_SIZE_READ_100_1K,POSIX_SIZE_READ_1K_10K,0.60338627482632,0.6261163144755406,1.071091515586895
POSIX_SIZE_READ_100_1K,POSIX_SIZE_READ_100K_1M,-0.6156290391522281,-0.6927582410319326,0.7744082869447562
POSIX_SIZE_READ_100_1K,POSIX_SIZE_WRITE_0_100,0.736491434635397,0.809727340171132,1.1294660839216175
POSIX_SIZE_READ_100_1K,POSIX_SIZE_WRITE_100_1K,0.7298861723107241,0.7604624333658878,1.0726253027717427
POSIX_SIZE_READ_100_1K,POSIX_SIZE_WRITE_1K_10K,0.11215470134040538,0.07950293184869574,0.04021826078813229
POSIX_SIZE_READ_100_1K,POSIX_SIZE_WRITE_10K_100K,0.0680108297014914,0.2330325730975676,0.3550073215327365
POSIX_SIZE_READ_100_1K,POSIX_SIZE_WRITE_100K_1M,0.11216336236675888,0.07950293184869574,0.0
POSIX_SIZE_READ_100_1K,POSIX_STRIDE1_STRIDE,-0.6525968141255395,-0.5403560100234092,0.8672790646213162
POSIX_SIZE_READ_100_1K,POSIX_STRIDE2_STRIDE,-0.6580772464676563,-0.5408070524696691,0.890834979163392
POSIX_SIZE_READ_100_1K,POSIX_STRIDE3_STRIDE,-0.6843310714398873,-0.7437761532866768,0.777252133537905
POSIX_SIZE_READ_100_1K,POSIX_STRIDE4_STRIDE,-0.6750917173319015,-0.7182671971593048,0.766723066462343
POSIX_SIZE_READ_100_1K,POSIX_STRIDE1_COUNT,-0.6361851633893695,-0.5399049675771491,0.7961068501063022
POSIX_SIZE_READ_100_1K,POSIX_STRIDE2_COUNT,-0.47752115995121447,-0.6927582410319326,0.9172019681966521
POSIX_SIZE_READ_100_1K,POSIX_STRIDE3_COUNT,-0.46623901789049266,-0.6927582410319326,0.9109012488300587
POSIX_SIZE_READ_100_1K,POSIX_STRIDE4_COUNT,-0.36232485962949806,-0.6927582410319326,0.7951983880516176
POSIX_SIZE_READ_100_1K,POSIX_ACCESS1_ACCESS,-0.7117978837519842,-0.7838345946399903,1.2417772909614113
POSIX_SIZE_READ_100_1K,POSIX_ACCESS2_ACCESS,-0.6272600663300112,-0.6858269933089287,1.2000949317639074
POSIX_SIZE_READ_100_1K,POSIX_ACCESS3_ACCESS,-0.7120788243451164,-0.7195774599210238,0.9703753312803602
POSIX_SIZE_READ_100_1K,POSIX_ACCESS4_ACCESS,-0.06223333179691331,-0.348546541472166,1.0810384365361518
POSIX_SIZE_READ_100_1K,POSIX_ACCESS1_COUNT,0.6953417279970743,0.6213599950522098,1.1100970185697778
POSIX_SIZE_READ_100_1K,POSIX_ACCESS2_COUNT,0.7203591663979008,0.5967463782109103,1.0151656106322984
POSIX_SIZE_READ_100_1K,POSIX_ACCESS3_COUNT,0.8167073039042373,0.8296861794291733,1.1080057446329519
POSIX_SIZE_READ_100_1K,POSIX_ACCESS4_COUNT,0.8086102361163968,0.8247759589449636,1.19527572450361
POSIX_SIZE_READ_100_1K,tag,-0.4469712803921973,-0.48204173486529084,1.0589545506144549
POSIX_SIZE_READ_1K_10K,POSIX_SIZE_READ_100K_1M,-0.7582454463985787,-0.8210425201869114,0.8268205115113321
POSIX_SIZE_READ_1K_10K,POSIX_SIZE_WRITE_0_100,0.9410691101724935,0.9187893866828074,1.1135203560452926
POSIX_SIZE_READ_1K_10K,POSIX_SIZE_WRITE_100_1K,0.8619616886384771,0.8581079268692177,1.069673354416123
POSIX_SIZE_READ_1K_10K,POSIX_SIZE_WRITE_1K_10K,0.31888404555577443,0.25972088312027897,0.0
POSIX_SIZE_READ_1K_10K,POSIX_SIZE_WRITE_10K_100K,0.024066400264147816,0.18746636533715447,0.33301036217682833
POSIX_SIZE_READ_1K_10K,POSIX_SIZE_WRITE_100K_1M,0.3189086708678591,0.25972088312027897,0.05985199316852752
POSIX_SIZE_READ_1K_10K,POSIX_STRIDE1_STRIDE,-0.8351774263418478,-0.6828454724858803,0.7921714779503577
POSIX_SIZE_READ_1K_10K,POSIX_STRIDE2_STRIDE,-0.8447420167745229,-0.6873556330770351,0.934643523075295
POSIX_SIZE_READ_1K_10K,POSIX_STRIDE3_STRIDE,-0.891553046771063,-0.9361303640970738,0.7629737352244708
POSIX_SIZE_READ_1K_10K,POSIX_STRIDE4_STRIDE,-0.8705652492344653,-0.8781712210082039,0.7576242597474194
POSIX_SIZE_READ_1K_10K,POSIX_STRIDE1_COUNT,-0.7965561390219346,-0.6782207681336806,0.7858360718133737
POSIX_SIZE_READ_1K_10K,POSIX_STRIDE2_COUNT,-0.5249969264498668,-0.821056838157042,0.937022895622523
POSIX_SIZE_READ_1K_10K,POSIX_STRIDE3_COUNT,-0.5075998973751211,-0.821056838157042,0.9165564033044138
POSIX_SIZE_READ_1K_10K,POSIX_STRIDE4_COUNT,-0.3690836401904186,-0.821056838157042,0.9253758510852097
POSIX_SIZE_READ_1K_10K,POSIX_ACCESS1_ACCESS,-0.8265755642698092,-0.8126583297766217,1.2956584809699536
POSIX_SIZE_READ_1K_10K,POSIX_ACCESS2_ACCESS,-0.8802784331737736,-0.9170464033499535,1.0530247962192103
POSIX_SIZE_READ_1K_10K,POSIX_ACCESS3_ACCESS,-0.7829435250534184,-0.7805577067727002,1.07010287983345
POSIX_SIZE_READ_1K_10K,POSIX_ACCESS4_ACCESS,-0.16141142067008157,-0.5752872554613645,1.0191624118044014
POSIX_SIZE_READ_1K_10K,POSIX_ACCESS1_COUNT,0.799385886094078,0.7340772941238448,1.1940998332789579
POSIX_SIZE_READ_1K_10K,POSIX_ACCESS2_COUNT,0.7776328556789683,0.7209970095813109,1.0327846767249627
POSIX_SIZE_READ_1K_10K,POSIX_ACCESS3_COUNT,0.9243459202080254,0.9372482914274203,1.0737718683425945
POSIX_SIZE_READ_1K_10K,POSIX_ACCESS4_COUNT,0.9366401211484334,0.9445272779920489,1.0847608228078438
POSIX_SIZE_READ_1K_10K,tag,-0.4760809797157134,-0.6125790827991114,1.032249718158595
POSIX_SIZE_READ_100K_1M,POSIX_SIZE_WRITE_0_100,-0.8768103392662088,-0.8801075801641371,0.8253232765049581
POSIX_SIZE_READ_100K_1M,POSIX_SIZE_WRITE_100_1K,-0.9084747186003629,-0.9180021671595866,0.958577919332031
POSIX_SIZE_READ_100K_1M,POSIX_SIZE_WRITE_1K_10K,0.32006329250036475,0.2701562222578566,0.031892917429376944
POSIX_SIZE_READ_100K_1M,POSIX_SIZE_WRITE_10K_100K,-0.042560615521646215,-0.008508715785770674,0.34196077302998384
POSIX_SIZE_READ_100K_1M,POSIX_SIZE_WRITE_100K_1M,0.32005346310187605,0.2701562222578566,0.07268030548685989
POSIX_SIZE_READ_100K_1M,POSIX_STRIDE1_STRIDE,0.9102724608197036,0.8456910096880609,0.9202648210642783
POSIX_SIZE_READ_100K_1M,POSIX_STRIDE2_STRIDE,0.9136996609566644,0.8400613602007609,0.8223419256615934
POSIX_SIZE_READ_100K_1M,POSIX_STRIDE3_STRIDE,0.9343992083604347,0.9498990982135543,0.85554100822349
POSIX_SIZE_READ_100K_1M,POSIX_STRIDE4_STRIDE,0.9481736289333625,0.9753814534325224,0.9909026861982508
POSIX_SIZE_READ_100K_1M,POSIX_STRIDE1_COUNT,0.9461494876174539,0.8514398051962557,0.9747960717655837
POSIX_SIZE_READ_100K_1M,POSIX_STRIDE2_COUNT,0.939725098686495,0.9999851067473882,0.8900041570057362
POSIX_SIZE_READ_100K_1M,POSIX_STRIDE3_COUNT,0.9345028851484019,0.9999851067473882,0.9004382620124063
POSIX_SIZE_READ_100K_1M,POSIX_STRIDE4_COUNT,0.7787805151149441,0.9999851067473882,0.9164390056780602
POSIX_SIZE_READ_100K_1M,POSIX_ACCESS1_ACCESS,0.8626190750535859,0.7806033124946897,0.9224438984549019
POSIX_SIZE_READ_100K_1M,POSIX_ACCESS2_ACCESS,0.873680446185082,0.8423641193591549,0.8059918399971433
POSIX_SIZE_READ_100K_1M,POSIX_ACCESS3_ACCESS,0.7170215723437401,0.6799126912420307,0.6960816084521539
POSIX_SIZE_READ_100K_1M,POSIX_ACCESS4_ACCESS,0.38191182483319225,0.7017926709013124,0.7854844834422814
POSIX_SIZE_READ_100K_1M,POSIX_ACCESS1_COUNT,-0.7520818273549049,-0.7557330866763934,0.8799534220534773
POSIX_SIZE_READ_100K_1M,POSIX_ACCESS2_COUNT,-0.6738496900788347,-0.692193275187796,0.8290967352414707
POSIX_SIZE_READ_100K_1M,POSIX_ACCESS3_COUNT,-0.7914396211984912,-0.8401259092197105,0.8854820453218475
POSIX_SIZE_READ_100K_1M,POSIX_ACCESS4_COUNT,-0.7690167148542416,-0.8243788962522447,0.8211777191349425
POSIX_SIZE_READ_100K_1M,tag,0.8384432175585648,0.7292058086887694,0.8534725287291056
POSIX_SIZE_WRITE_0_100,POSIX_SIZE_WRITE_100_1K,0.970122768352439,0.9522185939524875,1.4431036941109125
POSIX_SIZE_WRITE_0_100,POSIX_SIZE_WRITE_1K_10K,0.1481683658898328,0.11130245154254256,0.0
POSIX_SIZE_WRITE_0_100,POSIX_SIZE_WRITE_10K_100K,0.14095193139568274,0.19392296822788388,0.29228590279192845
POSIX_SIZE_WRITE_0_100,POSIX_SIZE_WRITE_100K_1M,0.1481597638829095,0.11130245154254256,0.03529505879585537
POSIX_SIZE_WRITE_0_100,POSIX_STRIDE1_STRIDE,-0.8733930818747716,-0.7346154055795591,0.8567611670320394
POSIX_SIZE_WRITE_0_100,POSIX_STRIDE2_STRIDE,-0.8829010402959075,-0.7359162296989538,0.8134099597240398
POSIX_SIZE_WRITE_0_100,POSIX_STRIDE3_STRIDE,-0.9351828765521392,-0.9492656800501844,0.9039574376605772
POSIX_SIZE_WRITE_0_100,POSIX_STRIDE4_STRIDE,-0.9235082253914996,-0.9117847916869731,0.8420976076995039
POSIX_SIZE_WRITE_0_100,POSIX_STRIDE1_COUNT,-0.8601316189049025,-0.7325140743097682,0.887094947101005
POSIX_SIZE_WRITE_0_100,POSIX_STRIDE2_COUNT,-0.6749177515162691,-0.8802076435579369,0.868583587749213
POSIX_SIZE_WRITE_0_100,POSIX_STRIDE3_COUNT,-0.6621003427251163,-0.8802076435579369,0.9191922891984325
POSIX_SIZE_WRITE_0_100,POSIX_STRIDE4_COUNT,-0.5083977064398408,-0.8802076435579369,0.8414018666936527
POSIX_SIZE_WRITE_0_100,POSIX_ACCESS1_ACCESS,-0.9340990005613591,-0.8506857417842202,1.1640226739432276
POSIX_SIZE_WRITE_0_100,POSIX_ACCESS2_ACCESS,-0.9329106253069335,-0.8804435372994337,0.973892245963933
POSIX_SIZE_WRITE_0_100,POSIX_ACCESS3_ACCESS,-0.8660292848453073,-0.7962081326842027,0.9744986778113334
POSIX_SIZE_WRITE_0_100,POSIX_ACCESS4_ACCESS,-0.17280072187164583,-0.6014563317768435,1.0002235350045254
POSIX_SIZE_WRITE_0_100,POSIX_ACCESS1_COUNT,0.8649231013144167,0.8140755417304327,1.3562198657289621
POSIX_SIZE_WRITE_0_100,POSIX_ACCESS2_COUNT,0.8364778470792403,0.8041751276189453,1.1946869949732375
POSIX_SIZE_WRITE_0_100,POSIX_ACCESS3_COUNT,0.961331176553824,0.9723948022599274,1.2753034480164958
POSIX_SIZE_WRITE_0_100,POSIX_ACCESS4_COUNT,0.9611036545697598,0.971486428044739,1.2064165344951496
POSIX_SIZE_WRITE_0_100,tag,-0.586737477876056,-0.6551191131179644,1.0891760844808178
POSIX_SIZE_WRITE_100_1K,POSIX_SIZE_WRITE_1K_10K,-0.016276851216265487,0.010582668419685916,0.0
POSIX_SIZE_WRITE_100_1K,POSIX_SIZE_WRITE_10K_100K,0.08332373273525438,0.17026288672775958,0.19864880059324452
POSIX_SIZE_WRITE_100_1K,POSIX_SIZE_WRITE_100K_1M,-0.01627810817861877,0.010582668419685916,0.01115819580651456
POSIX_SIZE_WRITE_100_1K,POSIX_STRIDE1_STRIDE,-0.8971283826986529,-0.759950952391372,0.8892045136028743
POSIX_SIZE_WRITE_100_1K,POSIX_STRIDE2_STRIDE,-0.9036173899968782,-0.7595006640302088,0.8180465912720369
POSIX_SIZE_WRITE_100_1K,POSIX_STRIDE3_STRIDE,-0.9378388929405261,-0.9556977356798038,0.8915764468105536
POSIX_SIZE_WRITE_100_1K,POSIX_STRIDE4_STRIDE,-0.9346573963433631,-0.9368499514196951,0.8759858486156693
POSIX_SIZE_WRITE_100_1K,POSIX_STRIDE1_COUNT,-0.8973270882197787,-0.760401240752535,0.929610857531733
POSIX_SIZE_WRITE_100_1K,POSIX_STRIDE2_COUNT,-0.7621572802891049,-0.9180021671595866,0.8895616049767678
POSIX_SIZE_WRITE_100_1K,POSIX_STRIDE3_COUNT,-0.7509236449162987,-0.9180021671595866,0.8457757921997304
POSIX_SIZE_WRITE_100_1K,POSIX_STRIDE4_COUNT,-0.6021781772539125,-0.9180021671595866,0.9063510589667585
POSIX_SIZE_WRITE_100_1K,POSIX_ACCESS1_ACCESS,-0.8924704886638624,-0.811309300715955,1.3358335387692692
POSIX_SIZE_WRITE_100_1K,POSIX_ACCESS2_ACCESS,-0.8647041962037841,-0.806003446235398,1.1761169823915445
POSIX_SIZE_WRITE_100_1K,POSIX_ACCESS3_ACCESS,-0.7987186468502597,-0.7628637590354563,0.9847822402200217
POSIX_SIZE_WRITE_100_1K,POSIX_ACCESS4_ACCESS,-0.28327595884552886,-0.6085086081884745,1.1185022918157184
POSIX_SIZE_WRITE_100_1K,POSIX_ACCESS1_COUNT,0.9256789923211777,0.8435578992101669,1.4684576635276014
POSIX_SIZE_WRITE_100_1K,POSIX_ACCESS2_COUNT,0.8861511353003473,0.8166869044433925,1.4860602108123355
POSIX_SIZE_WRITE_100_1K,POSIX_ACCESS3_COUNT,0.9354751610716736,0.9077293103473539,1.127000059472348
POSIX_SIZE_WRITE_100_1K,POSIX_ACCESS4_COUNT,0.9177613784363182,0.8991227514699011,1.0922539995341891
POSIX_SIZE_WRITE_100_1K,tag,-0.6750478905389629,-0.6296711374290316,1.0650913985343413
POSIX_SIZE_WRITE_1K_10K,POSIX_SIZE_WRITE_10K_100K,0.1929554221718389,0.36463720776475095,0.0
POSIX_SIZE_WRITE_1K_10K,POSIX_SIZE_WRITE_100K_1M,0.9999961832789114,1.0,0.054047762704092506
POSIX_SIZE_WRITE_1K_10K,POSIX_STRIDE1_STRIDE,0.1498206888006133,0.25061324076812896,0.02053604925995689
POSIX_SIZE_WRITE_1K_10K,POSIX_STRIDE2_STRIDE,0.13662802208708252,0.2315112856589876,0.037154125264021065
POSIX_SIZE_WRITE_1K_10K,POSIX_STRIDE3_STRIDE,0.0671388298057004,-0.044130202207410305,0.0
POSIX_SIZE_WRITE_1K_10K,POSIX_STRIDE4_STRIDE,0.12023567074634083,0.11461173065484825,0.10306607410822188
POSIX_SIZE_WRITE_1K_10K,POSIX_STRIDE1_COUNT,0.2515103778326636,0.2701562222578566,0.056916265576711034
POSIX_SIZE_WRITE_1K_10K,POSIX_STRIDE2_COUNT,0.6159955293466051,0.2701010939602833,0.07925765188594314
POSIX_SIZE_WRITE_1K_10K,POSIX_STRIDE3_COUNT,0.6307629656077626,0.2701010939602833,0.06481470380351695
POSIX_SIZE_WRITE_1K_10K,POSIX_STRIDE4_COUNT,0.6250411007143125,0.2701010939602833,0.18999146263208022
POSIX_SIZE_WRITE_1K_10K,POSIX_ACCESS1_ACCESS,-0.08425966574535385,-0.112960186730502,0.0
POSIX_SIZE_WRITE_1K_10K,POSIX_ACCESS2_ACCESS,-0.05902302829106285,-0.08583824618073146,0.07653295619715061
POSIX_SIZE_WRITE_1K_10K,POSIX_ACCESS3_ACCESS,-0.2107818048077049,-0.24620992202212388,0.0
POSIX_SIZE_WRITE_1K_10K,POSIX_ACCESS4_ACCESS,0.5206201396002382,0.2487601297050889,0.0
POSIX_SIZE_WRITE_1K_10K,POSIX_ACCESS1_COUNT,0.06075912654044447,0.07689789686164639,0.0
POSIX_SIZE_WRITE_1K_10K,POSIX_ACCESS2_COUNT,0.14555965566550078,0.13551106911407818,0.0
POSIX_SIZE_WRITE_1K_10K,POSIX_ACCESS3_COUNT,0.20330268642162358,0.2112804354320702,0.024394741246914542
POSIX_SIZE_WRITE_1K_10K,POSIX_ACCESS4_COUNT,0.2589662973349931,0.24877122238110885,0.0
POSIX_SIZE_WRITE_1K_10K,tag,0.6212700702692394,0.24246212330352424,0.019898989898991637
POSIX_SIZE_WRITE_10K_100K,POSIX_SIZE_WRITE_100K_1M,0.19297032294707614,0.36463720776475095,0.0013702236209498508
POSIX_SIZE_WRITE_10K_100K,POSIX_STRIDE1_STRIDE,0.28484244553676097,0.44082782218609284,0.1857969108237154
POSIX_SIZE_WRITE_10K_100K,POSIX_STRIDE2_STRIDE,0.26857671235304487,0.4419483621810351,0.2552402317543443
POSIX_SIZE_WRITE_10K_100K,POSIX_STRIDE3_STRIDE,0.14601814102328772,-0.11832163529011636,0.23945470340285002
POSIX_SIZE_WRITE_10K_100K,POSIX_STRIDE4_STRIDE,0.14816730937434552,-0.06341517553794353,0.23918413336605893
POSIX_SIZE_WRITE_10K_100K,POSIX_STRIDE1_COUNT,0.24253900635667378,0.4397072821911506,0.27940082956914125
POSIX_SIZE_WRITE_10K_100K,POSIX_STRIDE2_COUNT,0.09522964075432247,-0.008508715785770674,0.2080171772519428
POSIX_SIZE_WRITE_10K_100K,POSIX_STRIDE3_COUNT,0.07961238465054365,-0.008508715785770674,0.25966338158671576
POSIX_SIZE_WRITE_10K_100K,POSIX_STRIDE4_COUNT,0.16079671632196296,-0.008508715785770674,0.20749602713846915
POSIX_SIZE_WRITE_10K_100K,POSIX_ACCESS1_ACCESS,-0.3818555925582739,-0.476831716249627,0.33559568094404457
POSIX_SIZE_WRITE_10K_100K,POSIX_ACCESS2_ACCESS,-0.28827703791513354,-0.3110684736854315,0.2533576202386074
POSIX_SIZE_WRITE_10K_100K,POSIX_ACCESS3_ACCESS,-0.32271084125530153,-0.3554036084410811,0.3055583740823924
POSIX_SIZE_WRITE_10K_100K,POSIX_ACCESS4_ACCESS,0.6545949765864943,0.4598809828901907,0.19233322612044113
POSIX_SIZE_WRITE_10K_100K,POSIX_ACCESS1_COUNT,-0.16094682921941536,-0.25927583500153734,0.2060082885902479
POSIX_SIZE_WRITE_10K_100K,POSIX_ACCESS2_COUNT,-0.22801294302012476,-0.2352076710238195,0.256806703509036
POSIX_SIZE_WRITE_10K_100K,POSIX_ACCESS3_COUNT,0.04184486683899054,0.22621546797173486,0.35782171143492625
POSIX_SIZE_WRITE_10K_100K,POSIX_ACCESS4_COUNT,0.08045604980192435,0.24129761622348003,0.42672909474526133
POSIX_SIZE_WRITE_10K_100K,tag,0.35981441163075956,0.4314660100247589,0.22900112068659872
POSIX_SIZE_WRITE_100K_1M,POSIX_STRIDE1_STRIDE,0.14990703464557195,0.25061324076812896,0.07736198899773772
POSIX_SIZE_WRITE_100K_1M,POSIX_STRIDE2_STRIDE,0.13668865339017125,0.2315112856589876,0.012000297133511584
POSIX_SIZE_WRITE_100K_1M,POSIX_STRIDE3_STRIDE,0.06717368745127272,-0.044130202207410305,0.0
POSIX_SIZE_WRITE_100K_1M,POSIX_STRIDE4_STRIDE,0.12012551781086464,0.11461173065484825,0.008968055981896317
POSIX_SIZE_WRITE_100K_1M,POSIX_STRIDE1_COUNT,0.2514408174019669,0.2701562222578566,0.0
POSIX_SIZE_WRITE_100K_1M,POSIX_STRIDE2_COUNT,0.6160985001976101,0.2701010939602833,0.0
POSIX_SIZE_WRITE_100K_1M,POSIX_STRIDE3_COUNT,0.6308773992438994,0.2701010939602833,0.010803083306183403
POSIX_SIZE_WRITE_100K_1M,POSIX_STRIDE4_COUNT,0.6263387862948572,0.2701010939602833,0.00325910258092188
POSIX_SIZE_WRITE_100K_1M,POSIX_ACCESS1_ACCESS,-0.08448003181718416,-0.112960186730502,0.0722649252181713
POSIX_SIZE_WRITE_100K_1M,POSIX_ACCESS2_ACCESS,-0.05881926591082704,-0.08583824618073146,0.09391219952836183
POSIX_SIZE_WRITE_100K_1M,POSIX_ACCESS3_ACCESS,-0.2108645344648691,-0.24620992202212388,0.04854820228745749
POSIX_SIZE_WRITE_100K_1M,POSIX_ACCESS4_ACCESS,0.5206610358436109,0.2487601297050889,0.008326025075603427
POSIX_SIZE_WRITE_100K_1M,POSIX_ACCESS1_COUNT,0.060694462225891734,0.07689789686164639,0.0
POSIX_SIZE_WRITE_100K_1M,POSIX_ACCESS2_COUNT,0.14548478543472804,0.13551106911407818,0.0
POSIX_SIZE_WRITE_100K_1M,POSIX_ACCESS3_COUNT,0.20337339276268945,0.2112804354320702,0.06169617677768491
POSIX_SIZE_WRITE_100K_1M,POSIX_ACCESS4_COUNT,0.2589341052972752,0.24877122238110885,0.03630534463838497
POSIX_SIZE_WRITE_100K_1M,tag,0.6213478066189121,0.24246212330352424,0.019898989898991637
POSIX_STRIDE1_STRIDE,POSIX_STRIDE2_STRIDE,0.9997418001434987,0.9995829889268666,0.8977086123545561
POSIX_STRIDE1_STRIDE,POSIX_STRIDE3_STRIDE,0.9870095792262984,0.8018750605038388,0.93029908181785
POSIX_STRIDE1_STRIDE,POSIX_STRIDE4_STRIDE,0.98666100678431,0.8203278004899881,0.9336029224386162
POSIX_STRIDE1_STRIDE,POSIX_STRIDE1_COUNT,0.9910512041056899,0.9994638429059713,0.9045865440303347
POSIX_STRIDE1_STRIDE,POSIX_STRIDE2_COUNT,0.8330554066475084,0.8458101557089561,0.9731737299631789
POSIX_STRIDE1_STRIDE,POSIX_STRIDE3_COUNT,0.8176900273596016,0.8458101557089561,0.8694131911320837
POSIX_STRIDE1_STRIDE,POSIX_STRIDE4_COUNT,0.7095369091115508,0.8458101557089561,0.9777233011513706
POSIX_STRIDE1_STRIDE,POSIX_ACCESS1_ACCESS,0.7306561944924042,0.4166796366511083,0.9393349571802931
POSIX_STRIDE1_STRIDE,POSIX_ACCESS2_ACCESS,0.7756864922949653,0.5842822475228937,0.7896316180548468
POSIX_STRIDE1_STRIDE,POSIX_ACCESS3_ACCESS,0.6535703296076923,0.4847176519664596,0.7103781780665654
POSIX_STRIDE1_STRIDE,POSIX_ACCESS4_ACCESS,0.5213929448002773,0.8621844467737767,0.8928941477498684
POSIX_STRIDE1_STRIDE,POSIX_ACCESS1_COUNT,-0.8760583142645345,-0.904790805616384,0.8418574658808753
POSIX_STRIDE1_STRIDE,POSIX_ACCESS2_COUNT,-0.8347167856724583,-0.8484075993398376,0.7685928294253481
POSIX_STRIDE1_STRIDE,POSIX_ACCESS3_COUNT,-0.8583819248852015,-0.7002061911325439,0.9107156446124716
POSIX_STRIDE1_STRIDE,POSIX_ACCESS4_COUNT,-0.8337828246058323,-0.6861757759092851,0.8988040729279176
POSIX_STRIDE1_STRIDE,tag,0.8325703330174665,0.8668823680932255,0.8317401626097597
POSIX_STRIDE2_STRIDE,POSIX_STRIDE3_STRIDE,0.9901899357371404,0.802292071576972,0.9693803594501413
POSIX_STRIDE2_STRIDE,POSIX_STRIDE4_STRIDE,0.9897231386550377,0.8207448115631214,1.0678971373474626
POSIX_STRIDE2_STRIDE,POSIX_STRIDE1_COUNT,0.990916760449017,0.999046831832838,1.0129453514138889
POSIX_STRIDE2_STRIDE,POSIX_STRIDE2_COUNT,0.8299472579827072,0.8400762534533729,0.828656229146719
POSIX_STRIDE2_STRIDE,POSIX_STRIDE3_COUNT,0.8145568924185889,0.8400762534533729,0.9543558902723652
POSIX_STRIDE2_STRIDE,POSIX_STRIDE4_COUNT,0.7002632651542479,0.8400762534533729,0.8363108029396207
POSIX_STRIDE2_STRIDE,POSIX_ACCESS1_ACCESS,0.7439679251748488,0.41627828713267034,0.8884475920734303
POSIX_STRIDE2_STRIDE,POSIX_ACCESS2_ACCESS,0.7860745892247508,0.5817686495948357,0.7858620422930112
POSIX_STRIDE2_STRIDE,POSIX_ACCESS3_ACCESS,0.6657197547245306,0.4878230275912982,0.6884174174190558
POSIX_STRIDE2_STRIDE,POSIX_ACCESS4_ACCESS,0.507733980979287,0.8619413422632709,0.7580237800774905
POSIX_STRIDE2_STRIDE,POSIX_ACCESS1_COUNT,-0.8780580458254993,-0.9108040840675218,0.8825218176906398
POSIX_STRIDE2_STRIDE,POSIX_ACCESS2_COUNT,-0.8366382038333624,-0.854511508235603,0.8026316728085676
POSIX_STRIDE2_STRIDE,POSIX_ACCESS3_COUNT,-0.8661801128307237,-0.7046095091228215,0.8396598511684605
POSIX_STRIDE2_STRIDE,POSIX_ACCESS4_COUNT,-0.8424014922412867,-0.6904794319431389,0.8260588157941089
POSIX_STRIDE2_STRIDE,tag,0.8250851201229717,0.8664144442653797,0.811206188100904
POSIX_STRIDE3_STRIDE,POSIX_STRIDE4_STRIDE,0.9971712957443429,0.9745176447810319,0.9078121001610375
POSIX_STRIDE3_STRIDE,POSIX_STRIDE1_COUNT,0.979241103303409,0.8013389034098102,0.8342335041079969
POSIX_STRIDE3_STRIDE,POSIX_STRIDE2_COUNT,0.814700450495601,0.9499139914661663,0.9095776126190089
POSIX_STRIDE3_STRIDE,POSIX_STRIDE3_COUNT,0.8001567527006861,0.9499139914661663,0.8885669267370755
POSIX_STRIDE3_STRIDE,POSIX_STRIDE4_COUNT,0.6673803893173332,0.9499139914661663,0.8358312981383178
POSIX_STRIDE3_STRIDE,POSIX_ACCESS1_ACCESS,0.8248959410538644,0.8416371071199986,0.9313191395306066
POSIX_STRIDE3_STRIDE,POSIX_ACCESS2_ACCESS,0.8542890745411208,0.8995592447850227,0.9935432995868652
POSIX_STRIDE3_STRIDE,POSIX_ACCESS3_ACCESS,0.7379199706837081,0.7836923411559928,0.7468845739970438
POSIX_STRIDE3_STRIDE,POSIX_ACCESS4_ACCESS,0.41268160221226796,0.6527999619017526,0.9025801857295381
POSIX_STRIDE3_STRIDE,POSIX_ACCESS1_COUNT,-0.8771191462883032,-0.8145200422010886,0.8299664771684077
POSIX_STRIDE3_STRIDE,POSIX_ACCESS2_COUNT,-0.8331701320771633,-0.7676701814398806,0.731028794873815
POSIX_STRIDE3_STRIDE,POSIX_ACCESS3_COUNT,-0.9019749409133057,-0.9401441321417315,0.7791362979860668
POSIX_STRIDE3_STRIDE,POSIX_ACCESS4_COUNT,-0.8853345428916559,-0.9360451873632023,0.7902905579187618
POSIX_STRIDE3_STRIDE,tag,0.7759780500719456,0.6829214574887086,0.739619246030335
POSIX_STRIDE4_STRIDE,POSIX_STRIDE1_COUNT,0.9878158516185617,0.8268212586287782,0.8070730237138837
POSIX_STRIDE4_STRIDE,POSIX_STRIDE2_COUNT,0.8420131536781861,0.9745176447810319,0.8493276350348489
POSIX_STRIDE4_STRIDE,POSIX_STRIDE3_COUNT,0.8282603413884688,0.9745176447810319,0.9256142421159077
POSIX_STRIDE4_STRIDE,POSIX_STRIDE4_COUNT,0.6727148895740094,0.9745176447810319,0.9080290827795214
POSIX_STRIDE4_STRIDE,POSIX_ACCESS1_ACCESS,0.8237587746993952,0.8285789138593936,0.9497752027638207
POSIX_STRIDE4_STRIDE,POSIX_ACCESS2_ACCESS,0.8456695932492785,0.8588820486006787,0.8247222755514527
POSIX_STRIDE4_STRIDE,POSIX_ACCESS3_ACCESS,0.7269116211366797,0.7334625326620591,0.7444573548111104
POSIX_STRIDE4_STRIDE,POSIX_ACCESS4_ACCESS,0.43326813048635837,0.6768816087071405,0.8290721696718881
POSIX_STRIDE4_STRIDE,POSIX_ACCESS1_COUNT,-0.8664705021962723,-0.7842961593192982,0.8043024773416945
POSIX_STRIDE4_STRIDE,POSIX_ACCESS2_COUNT,-0.8175560054401302,-0.7208116021417115,0.7936927334072512
POSIX_STRIDE4_STRIDE,POSIX_ACCESS3_COUNT,-0.8877718379002546,-0.8963539925176391,0.8044679818146085
POSIX_STRIDE4_STRIDE,POSIX_ACCESS4_COUNT,-0.866546631236511,-0.8797974038509735,0.770475953864832
POSIX_STRIDE4_STRIDE,tag,0.8021824197565784,0.7056759247742384,0.7746891688253967
POSIX_STRIDE1_COUNT,POSIX_STRIDE2_COUNT,0.8916958464763928,0.8514249119436438,0.9521668007034156
POSIX_STRIDE1_COUNT,POSIX_STRIDE3_COUNT,0.8789667355203576,0.8514249119436438,0.9425178190229491
POSIX_STRIDE1_COUNT,POSIX_STRIDE4_COUNT,0.7411478981122067,0.8514249119436438,0.8649869880044481
POSIX_STRIDE1_COUNT,POSIX_ACCESS1_ACCESS,0.7484159624638507,0.4218971803908012,0.8863077564975264
POSIX_STRIDE1_COUNT,POSIX_ACCESS2_ACCESS,0.7816889038047179,0.5834635327691834,0.8556443992765681
POSIX_STRIDE1_COUNT,POSIX_ACCESS3_ACCESS,0.6482220995213689,0.482070211917634,0.6968956045931527
POSIX_STRIDE1_COUNT,POSIX_ACCESS4_ACCESS,0.5336168296174438,0.8623131491616916,0.7680340259435499
POSIX_STRIDE1_COUNT,POSIX_ACCESS1_COUNT,-0.8466731398815961,-0.8985484498909171,0.8820792313090626
POSIX_STRIDE1_COUNT,POSIX_ACCESS2_COUNT,-0.7928297870949872,-0.839787793569003,0.737985020275475
POSIX_STRIDE1_COUNT,POSIX_ACCESS3_COUNT,-0.830691512197456,-0.6975184515800369,0.8416809796295188
POSIX_STRIDE1_COUNT,POSIX_ACCESS4_COUNT,-0.8005801058153685,-0.6817577369908107,0.7794963218572186
POSIX_STRIDE1_COUNT,tag,0.8750431027948267,0.8672433379032779,0.724234322432827
POSIX_STRIDE2_COUNT,POSIX_STRIDE3_COUNT,0.9996020563267017,0.9999999999999999,0.8934479714978543
POSIX_STRIDE2_COUNT,POSIX_STRIDE4_COUNT,0.8906982222404972,0.9999999999999999,0.8056259018935168
POSIX_STRIDE2_COUNT,POSIX_ACCESS1_ACCESS,0.6618646977954267,0.7800012882170327,0.95180111331546
POSIX_STRIDE2_COUNT,POSIX_ACCESS2_ACCESS,0.6919349033912005,0.8427806584443759,0.8976864462020016
POSIX_STRIDE2_COUNT,POSIX_ACCESS3_ACCESS,0.5061997682949984,0.6798554492950291,0.7258653342934063
POSIX_STRIDE2_COUNT,POSIX_ACCESS4_ACCESS,0.5408764816446127,0.7018069711666363,0.7322887264997855
POSIX_STRIDE2_COUNT,POSIX_ACCESS1_COUNT,-0.6270262356335913,-0.7557617213356845,0.884831284832774
POSIX_STRIDE2_COUNT,POSIX_ACCESS2_COUNT,-0.5362269030613224,-0.6925077622971797,0.8097123084674398
POSIX_STRIDE2_COUNT,POSIX_ACCESS3_COUNT,-0.5941520389553938,-0.8399114619149893,0.8453129102365085
POSIX_STRIDE2_COUNT,POSIX_ACCESS4_COUNT,-0.5552631356866382,-0.8243931941128223,0.9148029252995298
POSIX_STRIDE2_COUNT,tag,0.9348653917332005,0.7292191779409936,0.8275076733402529
POSIX_STRIDE3_COUNT,POSIX_STRIDE4_COUNT,0.8930612560023182,0.9999999999999999,0.9163031323454787
POSIX_STRIDE3_COUNT,POSIX_ACCESS1_ACCESS,0.6564432564246298,0.7800012882170327,0.8865876651756937
POSIX_STRIDE3_COUNT,POSIX_ACCESS2_ACCESS,0.685661759470097,0.8427806584443759,0.9245041660327089
POSIX_STRIDE3_COUNT,POSIX_ACCESS3_ACCESS,0.49800783677728505,0.6798554492950291,0.827687081941378
POSIX_STRIDE3_COUNT,POSIX_ACCESS4_ACCESS,0.5332215407137907,0.7018069711666363,0.8353655782551461
POSIX_STRIDE3_COUNT,POSIX_ACCESS1_COUNT,-0.6097915131833086,-0.7557617213356845,0.8049628092362873
POSIX_STRIDE3_COUNT,POSIX_ACCESS2_COUNT,-0.51719825793611,-0.6925077622971797,0.7385185257315015
POSIX_STRIDE3_COUNT,POSIX_ACCESS3_COUNT,-0.5778778014891415,-0.8399114619149893,0.8065337858369894
POSIX_STRIDE3_COUNT,POSIX_ACCESS4_COUNT,-0.5390952402762844,-0.8243931941128223,0.8474633128846185
POSIX_STRIDE3_COUNT,tag,0.930240378096747,0.7292191779409936,0.8436523781831269
POSIX_STRIDE4_COUNT,POSIX_ACCESS1_ACCESS,0.4525760945999785,0.7800012882170327,0.8540401048310604
POSIX_STRIDE4_COUNT,POSIX_ACCESS2_ACCESS,0.5525955623229952,0.8427806584443759,0.8280195589851236
POSIX_STRIDE4_COUNT,POSIX_ACCESS3_ACCESS,0.34114480730063174,0.6798554492950291,0.8544681057805104
POSIX_STRIDE4_COUNT,POSIX_ACCESS4_ACCESS,0.5414856970498079,0.7018069711666363,0.8268994138310481
POSIX_STRIDE4_COUNT,POSIX_ACCESS1_COUNT,-0.5139433728564788,-0.7557617213356845,0.7720776678413008
POSIX_STRIDE4_COUNT,POSIX_ACCESS2_COUNT,-0.4355979708542517,-0.6925077622971797,0.7470348784820087
POSIX_STRIDE4_COUNT,POSIX_ACCESS3_COUNT,-0.4340445417584963,-0.8399114619149893,0.8497544605762255
POSIX_STRIDE4_COUNT,POSIX_ACCESS4_COUNT,-0.4099718566499203,-0.8243931941128223,0.8471610400490868
POSIX_STRIDE4_COUNT,tag,0.8520071783645496,0.7292191779409936,0.7964540413681711
POSIX_ACCESS1_ACCESS,POSIX_ACCESS2_ACCESS,0.9353674522961922,0.8842574327810945,1.247299982830436
POSIX_ACCESS1_ACCESS,POSIX_ACCESS3_ACCESS,0.8606667632765472,0.7878449917269411,0.9925428444099382
POSIX_ACCESS1_ACCESS,POSIX_ACCESS4_ACCESS,-0.020592947510120106,0.29489021013943867,1.0305607904795409
POSIX_ACCESS1_ACCESS,POSIX_ACCESS1_COUNT,-0.6870308493400356,-0.46254733277061755,1.1331950388533034
POSIX_ACCESS1_ACCESS,POSIX_ACCESS2_COUNT,-0.6438403177760378,-0.4347459428179382,1.2056121384457688
POSIX_ACCESS1_ACCESS,POSIX_ACCESS3_COUNT,-0.8468176345302714,-0.8654211777544454,1.129416012636236
POSIX_ACCESS1_ACCESS,POSIX_ACCESS4_COUNT,-0.8504915786213804,-0.8538695025113011,1.2861175600547496
POSIX_ACCESS1_ACCESS,tag,0.49340058488099275,0.3917724702136403,1.0207258033695186
POSIX_ACCESS2_ACCESS,POSIX_ACCESS3_ACCESS,0.8555848508665553,0.7974646173151706,0.905254769272821
POSIX_ACCESS2_ACCESS,POSIX_ACCESS4_ACCESS,0.10403172004435197,0.5242124288355635,0.983971958959379
POSIX_ACCESS2_ACCESS,POSIX_ACCESS1_COUNT,-0.6545497385870372,-0.5487775544954948,1.0914885556288771
POSIX_ACCESS2_ACCESS,POSIX_ACCESS2_COUNT,-0.6102197265732828,-0.5427329753296393,1.040757459158936
POSIX_ACCESS2_ACCESS,POSIX_ACCESS3_COUNT,-0.852290152783918,-0.8931444858277142,1.018150202819277
POSIX_ACCESS2_ACCESS,POSIX_ACCESS4_COUNT,-0.8682374243506107,-0.8994905980782182,1.048337506432878
POSIX_ACCESS2_ACCESS,tag,0.5827259624253515,0.5779958034015135,1.0486810541563598
POSIX_ACCESS3_ACCESS,POSIX_ACCESS4_ACCESS,-0.06166206923007459,0.3622942396308571,1.1408750285444573
POSIX_ACCESS3_ACCESS,POSIX_ACCESS1_COUNT,-0.6293927984744825,-0.5782934293138454,1.0794942387702062
POSIX_ACCESS3_ACCESS,POSIX_ACCESS2_COUNT,-0.6284176441372509,-0.6033394619597212,0.996646878801922
POSIX_ACCESS3_ACCESS,POSIX_ACCESS3_COUNT,-0.8365193369860633,-0.8489098553178059,1.3294599167975982
POSIX_ACCESS3_ACCESS,POSIX_ACCESS4_COUNT,-0.8472315155235315,-0.8514986745272104,1.2021464137891487
POSIX_ACCESS3_ACCESS,tag,0.4199672606079113,0.48005307274351505,0.8691349784739031
POSIX_ACCESS4_ACCESS,POSIX_ACCESS1_COUNT,-0.3891446930370895,-0.748363748622114,0.9115759501676091
POSIX_ACCESS4_ACCESS,POSIX_ACCESS2_COUNT,-0.3725195529869537,-0.7456387101939331,0.8392053076425112
POSIX_ACCESS4_ACCESS,POSIX_ACCESS3_COUNT,-0.2099017176565551,-0.5468151231955926,1.1276159289767902
POSIX_ACCESS4_ACCESS,POSIX_ACCESS4_COUNT,-0.16553461963853253,-0.5429515835473889,1.046344829826812
POSIX_ACCESS4_ACCESS,tag,0.7204143151323612,0.8380855814724911,0.8819287166297025
POSIX_ACCESS1_COUNT,POSIX_ACCESS2_COUNT,0.9768365029745095,0.9743207108080221,1.4413747161271864
POSIX_ACCESS1_COUNT,POSIX_ACCESS3_COUNT,0.8995872058823383,0.7831813811079081,1.1916560233565043
POSIX_ACCESS1_COUNT,POSIX_ACCESS4_COUNT,0.872614906006862,0.7773497314245865,1.2235834048210963
POSIX_ACCESS1_COUNT,tag,-0.6108817880673104,-0.7500644623439249,1.0629140040347977
POSIX_ACCESS2_COUNT,POSIX_ACCESS3_COUNT,0.889614153056296,0.7695616873955088,1.177661263585922
POSIX_ACCESS2_COUNT,POSIX_ACCESS4_COUNT,0.8635696863934916,0.7663763192194588,1.1699367163510552
POSIX_ACCESS2_COUNT,tag,-0.5625502729091302,-0.7508767361367127,0.9727923257438142
POSIX_ACCESS3_COUNT,POSIX_ACCESS4_COUNT,0.994401917135846,0.9942492497162718,1.4198109117082187
POSIX_ACCESS3_COUNT,tag,-0.5612066912546904,-0.6294344194830835,1.0600580206612038
POSIX_ACCESS4_COUNT,tag,-0.5168019519778564,-0.6160183701967132,1.0793089579953128
